mu,z,g,alpha,c,epsilon,bR,beta,a,bT,eT,eT,kA,j,kB,n,d,f,nK,rK,Ki,Kj,dKO,Error,Wterror,Koerror,EntryNumber
0.4066430700541142,0.03055068310375781,0.09478566164010434,0.0006999998463625861,0.00149999996721419,0.003102655410945993,0.005000000722569504,0.3084037201687436,0.006400000117044952,0.04431299132726058,100,200,239392.0939555058,8.139996691633614e-07,3.775124835714883,1,1000,1.38629,1856177.17515802,1045900,0.02102921005780886,4.829962304341579,100,2909.209483422586,1184.352659121814,1724.867229817712,1
0.4065753711217436,0.03024635752630129,0.09483324668256035,0.0006991899996388444,0.001490055893724072,0.001001985926674808,0.008923660996775485,0.3028186642963395,0.006419557721227875,0.04431298855908564,100,200,185683.0136248529,8.139934155255449e-07,0.9913960576777688,1,1000,1.38629,1871002.156184744,1045900,0.1033239989192674,6.691845502796654,100,2701.237001155314,924.1680960098392,1777.099381427629,2
0.4069877243777132,0.02827425713578498,0.09989049256949251,0.0006999999904605813,0.001499999990994673,0.001629213451286638,0.005000000031624947,0.300797694502024,0.006400000135344473,0.04431299992214653,100,200,232319.7734252186,8.139999865130093e-07,0.4360728587976491,1,1000,1.38629,1942085.333352735,1045900,0.1161219728028553,3.616043969363178,100,2586.829288633731,1097.591606173404,1489.240140087048,3
0.3986987869484506,0.03184615602807999,0.09546966579389798,0.0006195313141923527,0.001401590378187536,0.001647205227913694,0.006290332546882629,0.303166412509464,0.00664617056561314,0.03885841611269116,100,200,231899.9210865101,8.139738411747577e-07,0.472273189640514,1,1000,1.38629,1951173.785964515,1045900,0.02018859565404992,3.237763826877478,100,3721.246272190576,1861.096914544249,1860.159808965146,4
0.3966019763569829,0.02791822315471452,0.09510451078206572,0.0004774470619020393,0.001435958163719613,0.005034685602867689,0.009912635106792262,0.3021850851561014,0.006499422666373053,0.04365711607729451,100,200,224639.0610761719,8.015278020851936e-07,0.4307643330937914,1,1000,1.38629,1810425.293921386,1045900,0.08320835792917937,5.120778355285768,100,5268.278461700795,1955.538538576795,3312.755454319489,5
0.4039568751813024,0.03024418947803601,0.09759237361546064,0.0005849794520329479,0.00149882768334805,0.005946636753296067,0.008204054736242528,0.3066983755960256,0.006484516402420853,0.04254229068077109,100,200,223196.3507614936,8.139948954723833e-07,3.453218102343641,1,1000,1.38629,1865634.182375359,1045900,0.07006419594148831,5.799930723192049,100,5014.81215701552,1714.187739230009,3300.628016136603,6
0.4069996807197354,0.02700002626039782,0.09443324330428879,0.0006382200822685052,0.001434064416834671,0.00379830810217137,0.00581720916002823,0.3026385718664488,0.006460656395436666,0.03969503894712623,100,200,229084.9118762815,8.139981561786285e-07,8.08085994618812,1,1000,1.38629,1997273.039036197,1045900,0.2845202255342336,5.752715626029302,100,3453.902476287076,1104.319599812725,2349.583599959084,7
0.3995868864882294,0.0295292828526426,0.094666443740532,0.0005857366478884483,0.001475005462934063,0.003759497412869995,0.005000097462021973,0.3000004085642253,0.006401002323009762,0.04310169616664801,100,200,242825.8732817106,8.138836475369606e-07,1.639180897953227,1,1000,1.38629,1788660.54020775,1045900,0.16447303557197,4.173681262569662,100,3141.705205499557,1147.701898860729,1994.008343093408,8
0.3986490585114482,0.03196682726345356,0.0940165915866806,0.0006476127321307112,0.001499975066081031,0.00456546531121468,0.006515824193824075,0.3006453201159338,0.006464690353924615,0.04080803788733963,100,200,164672.9445128781,8.138182993573089e-07,6.937061302931198,1,1000,1.38629,1868450.565186117,1045900,0.3554413132683096,4.556847661472258,100,3095.969732212219,851.7215854387136,2244.257155622596,9
0.4034884132476887,0.02978605263316009,0.09555236905348423,0.0006268196115577835,0.0013757692669837,0.002822923861237995,0.006094915529219857,0.3018820080640212,0.006661107511861549,0.04185217055838551,100,200,248909.9731578908,8.113302179493619e-07,0.4253300009640659,1,1000,1.38629,1845073.763355124,1045900,0.3796284507950998,4.443800998483403,100,3327.006483957495,1189.615852200394,2137.392561164731,10
0.4061524362898726,0.03199975353138209,0.0999913265334794,0.0006701601586092737,0.00149643016281977,0.00325859276907329,0.005927484753580308,0.3020532135944704,0.006583231430540487,0.04431298829409867,100,200,252661.1129799676,8.139547401112584e-07,4.394434210666192,1,1000,1.38629,1878936.433084374,1045900,0.1271128818559897,4.319260625478663,100,3003.863235612844,1254.1727115434,1955.571024581161,11
0.40691411819276,0.02840947625056578,0.09409867582749473,0.000413814124148082,0.001333033327782169,0.00328725778289298,0.005465822318361887,0.3041131632594091,0.006574057635441633,0.04234406431204022,100,200,198130.3184640649,8.081260317912786e-07,2.200913248705387,1,1000,1.38629,1776157.754486545,1045900,0.193798902109993,4.084004220894289,100,3625.134370475804,1342.089876381442,2283.066058516282,12
0.4028227073341035,0.03163957600604805,0.09546614571406394,0.0006999998954620185,0.001499935543513359,0.001900696246983602,0.008042136432259532,0.3020456540443469,0.006408551428166741,0.04396032663037468,100,200,184650.5935478467,8.139977299812874e-07,0.4847447947702597,1,1000,1.38629,1844763.739909962,1045900,0.2921982559386304,6.795990415319454,100,2484.695337646543,816.117226566975,1668.625435174405,13
0.3990752739099388,0.02958363541999626,0.09400003884846601,0.0006999958290512909,0.001470770100238819,0.005991326548352104,0.007591903815943125,0.3022772167373156,0.006400738924003872,0.04020984238284128,100,200,254498.3616965641,8.136794848364269e-07,5.772176988014682,1,1000,1.38629,1998395.260683614,1045900,0.2551427994506885,4.955260613779689,100,3667.89230313175,1321.536244686422,2346.361223899168,14
0.3960317010913896,0.03130088331182077,0.09468478636890226,0.0006129895571177404,0.001432957815428411,0.006582416466318586,0.005203772703423966,0.3000150597773668,0.006401118959046285,0.04431011348517835,100,200,217810.6305131154,8.139770906756418e-07,6.254260145796293,1,1000,1.38629,1935173.074303427,1045900,0.1757920464176029,6.663351231375603,100,3563.366385386451,1139.71093392898,2423.666254020838,15
0.400139663281023,0.02769812474042755,0.09400000014932221,0.0006998625248959548,0.001498092242357412,0.001283332844238734,0.005000006402987873,0.3000842787545591,0.006400015560274168,0.04430020550177054,100,200,191161.554650944,8.139734859928162e-07,0.425330001184492,1,1000,1.38629,1885244.44843731,1045900,0.02000000085948252,4.825457578477001,100,2491.256523573265,1135.64389030897,1355.613526244411,16
0.4069998057955103,0.03137173093887015,0.09999706700720148,0.0006999992706837562,0.001441792463742383,0.004600978089413081,0.00759161877482387,0.3046659826866919,0.006608291949050178,0.04110649434688342,100,200,252555.8479881267,5.667469222130828e-07,4.346157236793394,1,1000,1.38629,1789126.361245816,1045900,0.1026256237613378,5.377955552293691,100,4040.31198304011,1696.802711727245,2343.513792266745,17
0.4069999857884548,0.02999316969496767,0.09827853183911886,0.0006997931686906602,0.00148415748705964,0.006748575102816136,0.01471683343421492,0.3023027281636533,0.006401002141822578,0.04431289104414799,100,200,219075.643030856,8.13913447262237e-07,2.43263360125158,1,1000,1.38629,1785299.576652574,1045900,0.2035970596790113,5.504212164877575,100,3603.459186033146,915.9623686847403,2687.501599235755,18
0.4026416714120032,0.02990034547471119,0.09424156911355165,0.0006704134181344246,0.001439462921663974,0.006073761530635349,0.00715826854841172,0.3051800338995198,0.006642572491888138,0.04431293776344029,100,200,199185.7891186494,8.138744323103285e-07,5.233437149739311,1,1000,1.38629,1742867.748844243,1045900,0.238396836499562,6.19937520225371,100,3535.865176890173,1221.338752819278,2314.529828810244,19
0.4024518820562771,0.03199999976271117,0.09802110966916248,0.0006259961594275713,0.001392793625680822,0.005858617763109517,0.005000001803015999,0.304030515059026,0.006487986213330531,0.04403457359493442,100,200,240655.322748338,8.139397539826727e-07,1.023688796102087,1,1000,1.38629,1989412.416527547,1045900,0.1430683988401204,4.017493879871799,100,3478.646798249478,1062.784561248975,2415.867972923331,20
0.3979868984303184,0.03154735790394889,0.095517527743039,0.0006999999254172065,0.001499999927046248,0.004314147811571911,0.007519508867997419,0.3000000000725502,0.006400038277295312,0.04431299965062935,100,200,257106.3353020946,8.139983491985919e-07,6.963617247707306,1,1000,1.38629,1972110.034881844,1045900,0.1051586895965704,5.465849144628475,100,3169.091174499948,1243.054951444495,1926.041646377972,21
0.4028570640911816,0.02812369492994748,0.09763429392272585,0.0006999914849493634,0.001466543109146897,0.002559157738922521,0.005000058129841092,0.3000606933280361,0.006451719629629184,0.04351372912864917,100,200,237481.7960937984,8.139935035217936e-07,0.441744283631268,1,1000,1.38629,1903910.11804669,1045900,0.04289429958834504,5.682695267559322,100,2824.62065495537,1189.295096016997,1635.321394305217,22
0.4049809499194518,0.02994426448873165,0.09615061558771561,0.0005710083240535948,0.001409467174158219,0.005458239588844663,0.005969989871855012,0.3076150723821159,0.006548112500611674,0.03842431932774813,100,200,202093.8904937065,7.994261467186648e-07,1.551651638895444,1,1000,1.38629,1946909.047557122,1045900,0.02708063614739779,4.408450988306427,100,3705.175316568337,1440.262385187997,2264.925377459635,23
0.4005916906911489,0.03179149213230438,0.09660607795944649,0.000684706903649622,0.001468281793519531,0.003932561634425089,0.005000296185148354,0.3021458200756711,0.006400046472740741,0.03700756108821428,100,200,173560.4334853111,8.138902566618746e-07,5.722679944687454,1,1000,1.38629,1930572.620374442,1045900,0.2063720929807176,4.888166595414474,100,3295.761677588998,1253.332755282235,2042.444644098795,24
0.4009114623421425,0.03095710424934554,0.09434565704676885,0.0006986530301431618,0.001499850799763857,0.001014770682395106,0.00508267857585599,0.300389718207446,0.006400134756914342,0.04321466869126728,100,200,204430.4148751479,8.133679699163337e-07,8.019462172134677,1,1000,1.38629,1887478.185327899,1045900,0.3532981831065988,4.398476723810293,100,3003.325804691081,1202.262093822827,1801.113166223867,25
0.4069947892267262,0.02963845498798799,0.09786058159595799,0.0006999234565632453,0.001489443432214077,0.004100176111397206,0.005000055397838407,0.3047622164524405,0.00640166093487032,0.03700007078166762,100,200,241699.0628875468,8.139986621629289e-07,2.227390283563425,1,1000,1.38629,1795067.284072823,1045900,0.3093789973984124,6.3945056096982,100,3920.069313051346,1527.523755521258,2392.603361082384,26
0.4069999974277841,0.03199998614137906,0.09782231320789697,0.0006999998919448089,0.001499999835636938,0.002728027961890486,0.006029617142962729,0.3050640532675878,0.00640000071215724,0.04431170262449199,100,200,232528.0044412193,8.139999998856393e-07,1.794405475589961,1,1000,1.38629,1848983.591343675,1045900,0.083908317598532,5.357295933595257,100,2756.087568441908,993.5646746563923,1762.569061017961,27
0.404068482131436,0.03197551829978108,0.09444984222376772,0.0006997143427695936,0.001499999306752351,0.002500072256185729,0.009735092794369963,0.3039435753847423,0.006400006234422184,0.03885089395962527,100,200,186236.347461301,8.139720495878912e-07,4.258336679175805,1,1000,1.38629,1899263.544974575,1045900,0.3310824272576912,3.667632453098749,100,3420.832589903257,1053.303807619336,2367.573743899918,28
0.4015884922499773,0.02918945195669597,0.09414317067179595,0.0006984745345319056,0.001499947545340594,0.003085977400742513,0.005004873569674959,0.3022168201787032,0.006556123617925414,0.04431299983746555,100,200,238629.1775693399,8.138550825247536e-07,5.343497766180962,1,1000,1.38629,1789015.13230924,1045900,0.0700296859428383,5.77236286450733,100,3088.158956113304,1270.177806419168,1817.98556338838,29
0.4014653128396662,0.03078806055110021,0.09403711516704918,0.0006235120236486153,0.001441721878076774,0.004430671664956123,0.005003035585229848,0.3067979042774059,0.006799493804414721,0.03701319946419367,100,200,233810.170883275,8.139905041626183e-07,4.39402247520869,1,1000,1.38629,1907561.284332392,1045900,0.09866563345549266,3.234921524034592,100,3968.712898312509,1646.052476527468,2322.670312708418,30
0.400086552172036,0.03071714417719066,0.09475678234242821,0.0006994703454686279,0.001436177676630739,0.004790106594283789,0.008935464357226914,0.3001448515625742,0.006425551367195578,0.04411277139253039,100,200,246226.4111669235,8.13865795932843e-07,3.561953551520025,1,1000,1.38629,1981325.429044069,1045900,0.3799998051108962,4.398098678208552,100,3229.330394701759,988.0600141644031,2241.301312630043,31
0.4033460007834972,0.03199996913364834,0.09524885611626956,0.0005152931345857973,0.001410274159395208,0.003845871690803991,0.007327154169859611,0.3093463541049363,0.006616035671376445,0.03733113519465017,100,200,210182.416823026,8.138196429081392e-07,1.035766160576234,1,1000,1.38629,1882633.272004005,1045900,0.1393088592722721,5.532696937190852,100,4406.427954696072,2068.184018956072,2338.25231188934,32
0.4026620352076993,0.0270036619121718,0.09446152958141411,0.0006971965440589797,0.001499989481932207,0.002456273727907087,0.005000531027272656,0.3000297788335498,0.006400021327796728,0.03824762815004417,100,200,185915.1495049833,8.138633890446918e-07,4.213682688122101,1,1000,1.38629,1999345.178896593,1045900,0.2894376049510105,3.234922661591497,100,2760.187249945069,909.357501551207,1850.850381381111,33
0.4025916534119997,0.03094412763325374,0.09674041822153072,0.0006122325488116661,0.001499290370123044,0.0053930503511454,0.005031009795620921,0.3075418117567581,0.006535323570917441,0.04429997765749345,100,200,244190.7877892986,8.139698592373951e-07,2.014759608548438,1,1000,1.38629,1787116.481408312,1045900,0.2549230708816084,5.399805133560535,100,4782.121809668665,1528.747674611601,3253.391062297832,34
0.4029373115805805,0.03074291758737023,0.09955829274451074,0.0005687300554871555,0.001425935882967944,0.002828727107202436,0.005006426019462087,0.300000000796611,0.006400825783204853,0.04431186017851248,100,200,203619.6009264743,8.138206100605966e-07,5.359072194714449,1,1000,1.38629,1992733.589427906,1045900,0.02119637506191002,4.725872176786373,100,2881.662621358962,1295.239562179923,1586.424995167093,35
0.3994768025837854,0.03183220341796135,0.09459165244342317,0.0006916765858542014,0.001461778877692189,0.004431710208860691,0.006637024128256962,0.3005471757997442,0.00647588618796975,0.04427987580906417,100,200,234650.1147509659,8.139995097753066e-07,5.550067603354391,1,1000,1.38629,1776819.262556734,1045900,0.147337541984882,4.552135239118972,100,3165.64182147467,1007.417175939334,2158.229968889502,36
0.4028500948696744,0.02700000080284478,0.09499328878892312,0.0006999968926400276,0.001499998507026578,0.002512613623785144,0.005009139137069719,0.3002333022233648,0.006529388024623514,0.04124421629949908,100,200,251960.4746137127,7.943689079558039e-07,1.10369378881526,1,1000,1.38629,1738674.740195924,1045900,0.1549014585302048,3.237605490638884,100,3213.490998731748,1262.465498892263,1951.034909306909,37
0.3959683891452977,0.0303709638250524,0.09400000028031658,0.0006999929301230371,0.001498301269227359,0.006270064858235949,0.01126753552532503,0.3000000117529901,0.006400000586692635,0.03974799728253489,100,200,196441.0274733705,8.139995802480479e-07,1.336622823154578,1,1000,1.38629,1802926.630119938,1045900,0.09573600378438814,3.537495915463538,100,3370.481733793633,1096.024355512947,2274.459457190317,38
0.4069999464417026,0.02994614649475788,0.09726995087342752,0.0006998373295973309,0.00149988695907395,0.00292840932144068,0.007558175689212339,0.3034779282252542,0.006483777346740703,0.03942283911119729,100,200,212230.880589989,8.138771084893021e-07,5.961912115875324,1,1000,1.38629,1799576.197229365,1045900,0.1613675160305057,4.308124879309686,100,3563.798724401742,1343.764685581068,2220.052804266003,39
0.4005944625444983,0.0319999846741614,0.09499771272183344,0.0006999998831762748,0.001499906078490049,0.001133860711078455,0.005000000011145442,0.3015993430398304,0.006400000016756576,0.0443129990940048,100,200,239836.1207123372,8.139993769014617e-07,5.976203946826712,1,1000,1.38629,1869811.011965687,1045900,0.02061642584979743,3.445440644436341,100,2919.096281485556,1302.726084215818,1616.374378001834,40
0.3968072630524835,0.02914274238571166,0.09541263663041642,0.0006797167673382757,0.001481545301297897,0.006077756023431266,0.006587929583224871,0.303977005521874,0.006400009563995918,0.0389847537852527,100,200,197926.5129523689,8.139621413364217e-07,0.5362518400124603,1,1000,1.38629,1953461.336842009,1045900,0.0645471512914924,3.457881640787598,100,4203.880517842873,1635.927154744774,2567.959003520852,41
0.3988325069356752,0.02955295388924608,0.09503878634589487,0.0006997903772449502,0.001499503258184967,0.005033470516192884,0.005000042241381663,0.3011318535750225,0.006629060581957049,0.04431298830975056,100,200,191400.9141328342,8.13918402916139e-07,3.840232686018634,1,1000,1.38629,1803851.741004474,1045900,0.1648924908749674,4.55788463935559,100,3116.886368416128,1084.110768767625,2032.778386498796,42
0.4066737643755504,0.0319899890659255,0.09555064370303452,0.0006999022395757451,0.001499999918351802,0.005957281276128551,0.005000000060915961,0.3108817890515855,0.006595353999883639,0.0421358708266157,100,200,237067.1561933839,8.139154382196294e-07,4.240316402799038,1,1000,1.38629,1799930.381855744,1045900,0.3363540544449188,6.233215231392337,100,3764.663815336871,1234.85555067801,2529.812501673096,43
0.3990243095764315,0.03199999964454631,0.09400000145747402,0.0006999998441690397,0.001499999915545766,0.006266540153778047,0.01107835952973001,0.303942909561953,0.006400000002796869,0.04311680393994661,100,200,259359.9065593514,8.139996265169524e-07,4.253231124963897,1,1000,1.38629,1973192.374164364,1045900,0.06155221656163426,3.236670550770683,100,3388.055665338761,1132.486597224055,2255.573736911665,44
0.4012917822854123,0.03199998387216937,0.09576653849667201,0.0006987381638630043,0.001499563703961441,0.003702917950065958,0.00704475020521975,0.3013130162984938,0.006415901735694963,0.04168425306762131,100,200,241413.5051621445,8.139140836632705e-07,2.16366512987975,1,1000,1.38629,1830717.420540634,1045900,0.2684804240730579,4.753489835907095,100,3206.995707831396,1040.728030105201,2166.290216263486,45
0.4021677528435217,0.02933128208911905,0.0945522742287974,0.0006999997283064077,0.00149999857573933,0.004479884357183192,0.009401620514687235,0.3007516563557466,0.006400000003846156,0.04431285338912072,100,200,208773.9065602261,8.139792860385999e-07,4.880664827101064,1,1000,1.38629,1785895.568080498,1045900,0.1112331435491379,3.252057567199861,100,3031.301668726774,947.142234480355,2084.16131664452,46
0.402909931120315,0.03121256607921988,0.09508458406428442,0.0006048883106378026,0.001411197619396187,0.003474029823520985,0.01004976055842891,0.3033997577623243,0.006499779865270258,0.04028829628323481,100,200,164539.8286464495,8.139961312392924e-07,2.037809479855196,1,1000,1.38629,1839554.794962445,1045900,0.05069937581270354,3.236739186259223,100,2911.367327563708,913.3714299404701,1998.036183412519,47
0.4044864479065474,0.02700000004946886,0.09480368769835004,0.0006999959863356116,0.001499659968285534,0.003178507507352642,0.005005321927473001,0.3025210338002886,0.006449588986757584,0.04431283384862431,100,200,185252.1837746312,8.139988508477716e-07,6.498386414874129,1,1000,1.38629,1864822.874142845,1045900,0.2084095619861322,6.272801972294674,100,2912.461405832499,1225.875981345071,1686.60267354638,48
0.4016844462355798,0.02700681589351204,0.0941344820986016,0.0005612211714701229,0.001429018152088893,0.005271234708723125,0.005698305565974691,0.3010299733956607,0.00656071759422392,0.04431281670217378,100,200,208105.3171177696,8.134076388022561e-07,8.073377241204877,1,1000,1.38629,1962289.847661833,1045900,0.1213712076960513,3.242984695061724,100,3264.933547277213,1201.647935885424,2063.317103511926,49
0.3989179258166136,0.02897114294835862,0.09400000001527005,0.0006999999790187065,0.001499999961944599,0.002257472195062984,0.005000010310435608,0.3000000000741877,0.006400000042907025,0.04313142946099351,100,200,243128.1135716441,8.139999804043554e-07,6.976347045220311,1,1000,1.38629,1950228.258219947,1045900,0.02000010847059979,3.608824871847373,100,2909.079565936743,1278.588416910357,1630.510342992756,50
0.3961648904124926,0.03176041111986028,0.09400014284490502,0.0006999989545141464,0.001499972203725871,0.002910323076010819,0.005000183460883948,0.3000177800001867,0.00644896733176802,0.04431299908027871,100,200,249544.1380968623,8.139728754552909e-07,2.946557786935522,1,1000,1.38629,1989419.408836952,1045900,0.3429419614720486,6.665775763664613,100,3000.1672397763,1217.86197102349,1782.304280539173,51
0.4050849113951708,0.0304459308068353,0.09742467260710243,0.0006999999745262568,0.001499999995547803,0.002256875052304902,0.005000000025407223,0.3008090810885967,0.006400000154923287,0.04430059305954333,100,200,229673.5985956857,8.139880552274277e-07,2.799326208851127,1,1000,1.38629,1831352.229431771,1045900,0.02232036160740593,4.868247135540028,100,2734.566881090752,1004.995664947973,1729.584765913262,52
0.4069418201749817,0.02912143999927071,0.09927264899890983,0.0006995076829549976,0.001416438165151842,0.006989061782532457,0.00924161412583762,0.3052383855328882,0.00640000001051913,0.04141283807797621,100,200,165409.177100933,8.133175657115082e-07,1.465456449845961,1,1000,1.38629,1856754.672192678,1045900,0.09714037525110465,3.319136435849087,100,3417.616560942786,1073.794024090444,2343.83394989007,53
0.404198807063801,0.03040503913569702,0.0954558012631217,0.0005218636000021569,0.001393578906661895,0.004510221459697053,0.008692681703528542,0.3034464028222084,0.006400000792377424,0.04215455700598675,100,200,192739.4447361841,8.139939611648404e-07,0.5313964644705269,1,1000,1.38629,1849435.801788382,1045900,0.2517532200306462,5.267444671937852,100,3378.473990123603,1058.56853054684,2319.907798216027,54
0.4062758523205212,0.03131419488150044,0.09737709748991441,0.0006043311296201973,0.001464729495821501,0.001768245824333804,0.00597791034907663,0.3059003152187064,0.006430992248954378,0.04378224601515163,100,200,229761.3949995501,2.316309065919352e-07,3.322444677838117,1,1000,1.38629,1785244.417723541,1045900,0.3797050134254775,4.82822015002471,100,4771.336307893276,2543.384306464561,2227.952367379612,55
0.4055635621736486,0.02767587571132791,0.09789471430508292,0.0006984012183635507,0.001499989071968275,0.002594165040353539,0.0050000010199088,0.300593026361279,0.006400000324492291,0.04431299993147613,100,200,169518.9405462187,8.139996732330014e-07,7.103469447645399,1,1000,1.38629,1821872.725194881,1045900,0.3267441924822951,5.924007152240048,100,2887.665464050391,1230.501129263015,1657.166038504976,56
0.4069457665703387,0.02836211995114323,0.09854635377084267,0.0006168896406500448,0.001435127616730209,0.004095335959739577,0.006137592354264591,0.302659314418976,0.006639672599846816,0.04220100267684069,100,200,231887.7788869837,8.139973566847216e-07,4.296634965160136,1,1000,1.38629,1888535.958022419,1045900,0.3156995042597857,6.414155671154843,100,3647.022004315135,1452.147452396915,2194.897081017364,57
0.4022623560077018,0.02892065239238038,0.09650552721178961,0.0006999401084180504,0.001499999945880096,0.002725710991440302,0.008345836157547542,0.3023205104822601,0.006400008268558238,0.04058977003782553,100,200,164932.2260217924,8.139998561607213e-07,0.4343912673537674,1,1000,1.38629,1865669.907030912,1045900,0.06681326755271003,3.234920002111564,100,2786.873501269345,1156.154393980049,1630.72211976622,58
0.4007218545477004,0.03166166327873879,0.0953254038077694,0.0005882579772838524,0.001473865027990274,0.004276414221131293,0.005015477658567078,0.30198320432287,0.006610785086021097,0.03774812713207737,100,200,190033.4515734745,8.122205281168688e-07,3.269746338641864,1,1000,1.38629,1876682.766795642,1045900,0.2774609238557325,3.942056654389664,100,3357.417963860895,954.7176154798035,2402.718408006,59
0.4030087329075265,0.02881754037981838,0.09596563554561577,0.000664524827986418,0.00144232322462852,0.003648552983564624,0.005000070307777041,0.3000000013279563,0.006401473545289457,0.0439153211712761,100,200,174398.2806167131,8.135317926555168e-07,4.032346849661235,1,1000,1.38629,1831846.35635051,1045900,0.2214739593986897,4.275268596699663,100,2821.962294012799,951.6059433736718,1870.356954617922,60
0.4028405184519033,0.0290272617390305,0.0993271964794047,0.0006988557579485743,0.001495364529282576,0.004184455672637971,0.005160324172684414,0.3001524937358593,0.006534066152290072,0.04305802484270031,100,200,210227.1586736271,8.139190300215975e-07,3.424847540167708,1,1000,1.38629,1939799.454325022,1045900,0.2189609068576844,6.305822185600227,100,3119.707042828733,1215.59570701671,1904.126285530319,61
0.400717543712122,0.03042672134553044,0.09463317362559016,0.000699997134770917,0.001499818212377478,0.002366502330832314,0.007302157568274847,0.3000213016251713,0.006541726118309113,0.0370001794404362,100,200,254646.8985416689,7.526325807544642e-07,3.961235781703348,1,1000,1.38629,1988650.282991526,1045900,0.2339585886962355,3.234920004133043,100,3513.796858614653,1175.014732276819,2338.835698642438,62
0.3996235824151012,0.03199998641613784,0.094563355376691,0.0006869733851194248,0.001499846417636324,0.001122572254968551,0.005018541262242537,0.3000039403743014,0.00640003015795396,0.0443129546620393,100,200,218546.6848335663,8.139261431139628e-07,5.670047968023535,1,1000,1.38629,1835794.488890485,1045900,0.02000311473837336,4.813282465607302,100,2738.245256530878,1131.624737700909,1606.626355960562,63
0.4044591778753024,0.02895353790561444,0.09400070811808714,0.0006999795596982165,0.001499941673623482,0.003563224229398404,0.0111278359414066,0.3014611257779601,0.006520627841704438,0.04431299968097444,100,200,187132.540133444,8.139968370540283e-07,3.964843930718525,1,1000,1.38629,1965277.407303252,1045900,0.1406301872144668,5.615105744048999,100,2939.448035457401,879.9404483742032,2059.556682498559,64
0.4038505537140493,0.03033883181118841,0.09804180606735788,0.0005253145571005902,0.001474773793531889,0.005346157965616252,0.006488148598761041,0.3029385723253508,0.006486101566254691,0.04316870800662715,100,200,204002.2172814858,8.139955399248614e-07,3.756040727047552,1,1000,1.38629,1828371.876501807,1045900,0.2965181452609592,4.03788550744495,100,3443.476191482167,1196.626329557109,2246.852232332024,65
0.4030655850229083,0.03199169316726923,0.0981492126628101,0.0006999982152297528,0.001499418269939401,0.004855376201626968,0.00771115443554024,0.3026713745601609,0.00640000038199244,0.04308872615227115,100,200,168928.1458891422,8.1399154167355e-07,4.491543133625764,1,1000,1.38629,1810490.771099876,1045900,0.05303865538487099,5.072669087280843,100,3068.897452530582,1146.289890046831,1922.614442508981,66
0.4046354342748819,0.03199938863352004,0.09402576553497918,0.0005555020858252366,0.001379097702773393,0.004357945152010561,0.005203844277584411,0.3061269604103191,0.006619492636398419,0.04388856167659461,100,200,227240.6914258945,8.139977910625507e-07,5.204703928393904,1,1000,1.38629,1900798.439986093,1045900,0.3186060704277637,6.587008813738588,100,3576.317595583776,1241.292732209192,2335.082595291894,67
0.4007557341350001,0.02969017112385065,0.09599651074522171,0.000569966695835696,0.00149921964204444,0.002250493322126492,0.007359225781378598,0.300531019341175,0.006537700483187737,0.03974451081128373,100,200,258014.7818915656,8.136382819898703e-07,3.813218282166128,1,1000,1.38629,1900746.365501445,1045900,0.1659673090601912,4.078545516085631,100,3940.13488162807,1648.79157098933,2291.348881593223,68
0.4047390926587818,0.02985500833478199,0.09400012327413419,0.0006411199851685741,0.001440468243269301,0.005035743077546485,0.005000807127833219,0.305025133252643,0.006623670803297546,0.04046277201661811,100,200,166528.995175984,8.139899292064416e-07,8.009329608584478,1,1000,1.38629,1915742.538810014,1045900,0.3643607115713767,5.226257220328513,100,3452.126037809314,923.9970876194561,2528.175295603771,69
0.4043158199759859,0.03069925652874983,0.09731800988763435,0.0006995997595169433,0.001458028304331742,0.003130771172241836,0.008306443845993194,0.3021408700481663,0.006514273467296165,0.03935699758489438,100,200,233511.7026813934,8.139979529774192e-07,1.99017874475704,1,1000,1.38629,1765014.436591243,1045900,0.06216324626552374,3.383521033636228,100,3386.651881197846,1197.221680373829,2189.431541931486,70
0.3958390536107192,0.0319999999635624,0.09419423200722195,0.0006992653980753556,0.001499999978979089,0.002967442331439425,0.005000002968626637,0.3000002812922134,0.00642241131923213,0.04131898064252028,100,200,231158.0223757981,8.13999734326387e-07,8.023661631488018,1,1000,1.38629,1858258.352145348,1045900,0.314557706721507,6.49174871432772,100,3438.401153291848,1460.186035130779,1978.216741704209,71
0.3997649796345892,0.03143382287196197,0.09985207059892583,0.0004970672804590292,0.00144548341598683,0.003250345129760309,0.005276865363451737,0.3035665461338768,0.00667479876621409,0.0416354768475676,100,200,207790.9371854741,5.806525087037899e-07,2.302301604554558,1,1000,1.38629,1906341.047419847,1045900,0.3216244136639315,5.996398225111113,100,6323.186352478783,2569.076574593894,3754.162194160344,72
0.4069999940568008,0.02979104093103051,0.09999559531240984,0.0006998762920687003,0.001499953700607716,0.004796027224251705,0.01035671284475914,0.3033536861874244,0.006400000019277789,0.04337193974230977,100,200,236991.1273585729,8.139995117916271e-07,2.00673803137349,1,1000,1.38629,1943535.002128261,1045900,0.02000002860084495,5.614180014390675,100,3105.25981723955,1143.426614615741,1961.854250995898,73
0.4049602331325118,0.02782696019451696,0.09401378407002958,0.0006105317286982876,0.001404457104029179,0.006535314661230947,0.006588303328447166,0.3046844528362915,0.006522767063969402,0.03940989840072461,100,200,238560.0432956413,7.988219422566801e-07,1.57231468567315,1,1000,1.38629,1952106.823841432,1045900,0.2045021703845272,3.241092264496137,100,4188.688173383827,1246.988702782779,2941.758036141426,74
0.4044904446142567,0.03089567790910563,0.09502465120788582,0.0006999980961739085,0.001480480327497108,0.004207114666784224,0.005000000043623886,0.3066272504006601,0.006401424329003435,0.04243690074393058,100,200,208866.8701559049,8.139999060054704e-07,7.508384384347956,1,1000,1.38629,1798328.053132164,1045900,0.1196747672977691,5.315491390409485,100,3224.350685537007,1266.426363657151,1957.941813985003,75
0.4063358665050646,0.03198614096502587,0.09672156224949371,0.0006699515654682198,0.001488710786747675,0.006159073443998309,0.01355053924627925,0.3042689910477877,0.006551649329186835,0.0443129652390326,100,200,235126.9861179088,8.139856902262189e-07,8.070910855698257,1,1000,1.38629,1940174.72415374,1045900,0.2189330999839557,6.70798229577333,100,4150.660555877112,1322.209790270968,2828.503660707517,76
0.4069996946585702,0.02896445431298367,0.0987992461208234,0.0006999974055429212,0.001457149596882255,0.002968960921636805,0.005000000427598361,0.3002207638661125,0.006526303384063149,0.04228148894035653,100,200,264818.1751616461,8.139537758837966e-07,6.494899859559419,1,1000,1.38629,1774963.786948232,1045900,0.02035417120721694,4.537442598776022,100,3287.233179594343,1203.122176974712,2084.111867523445,77
0.4068891493406069,0.02722172962790324,0.09999939634180305,0.0006830332039536064,0.001499976576419961,0.003447740617234225,0.005459439700264686,0.3004252355054166,0.006400010316979266,0.0443129998980812,100,200,197911.9086020875,8.139988975502603e-07,6.430407328168619,1,1000,1.38629,1882788.569480562,1045900,0.1746427905707958,6.065331953273483,100,2944.113033132315,1213.303407571419,1730.81306604347,78
0.40304042351932,0.03199679931663121,0.09400000564428679,0.0006353718402159759,0.001472874597652226,0.004117566831475924,0.00500005314936714,0.3122691931469151,0.006400005060437352,0.04415348505121214,100,200,170718.2822714135,8.139720282242337e-07,4.831582698836117,1,1000,1.38629,1846252.171052079,1045900,0.1896519485185001,5.574162910801652,100,4595.398713003373,1738.274708252087,2857.126386893199,79
0.4069999962800854,0.03199999947271096,0.09570958017299337,0.0006999732190618438,0.001494296879574044,0.004116113088962723,0.00507725442968853,0.3093123440251148,0.006400001193704515,0.04431252575079393,100,200,215095.8624837331,7.918867023144917e-07,3.19653968423444,1,1000,1.38629,1886965.008277586,1045900,0.2056055999072025,6.154331440447187,100,3072.429511146529,1158.38946359295,1914.049625537533,80
0.4059541935470857,0.02990375743834279,0.09722986350504972,0.0005705328666588715,0.001384580228549758,0.003773607782472617,0.009759379748578776,0.3057964492909535,0.006781414196049279,0.04313234101181929,100,200,161804.1430629655,8.135538926738542e-07,3.369057950910825,1,1000,1.38629,1885725.080519786,1045900,0.0547332460733157,3.332707459268333,100,3474.856671348105,1467.188426756273,2007.687870281916,81
0.400069260962454,0.03199340851338804,0.09639916669138299,0.0005717986779944355,0.001400403313314074,0.004254311305982,0.01090321233494618,0.3021378807029294,0.006584745361067024,0.03865102757644665,100,200,248503.8665853644,8.131858092155096e-07,0.7307423521326244,1,1000,1.38629,1974399.93775343,1045900,0.2237150908077136,6.793564354111593,100,3894.720252774943,1608.517634826098,2286.205491496173,82
0.4030487780295748,0.03199570291131046,0.09594693458813223,0.0006996889837302429,0.001499303922634675,0.001366527206353437,0.005004188678528393,0.3002159236087785,0.006400025345655294,0.04431299987791536,100,200,163388.2632153092,8.139860412015463e-07,5.496071867713947,1,1000,1.38629,1807226.30322963,1045900,0.2749981689232035,6.793201956029041,100,2677.806853061618,921.8130742795738,1756.026752846242,83
0.4064308064144759,0.02954952925232614,0.09467558603809341,0.0006999997583845434,0.001430256452106231,0.002282434330968722,0.007006490399747115,0.3052852633775982,0.006400001614645608,0.04056282586026087,100,200,207391.552389958,7.414913811485134e-07,0.9454454484492676,1,1000,1.38629,1853610.402976846,1045900,0.3760314450653809,3.234959674887028,100,3155.947740892836,1172.652496205703,1983.327979135474,84
0.399854633340326,0.03199999999864368,0.09412932580048151,0.0006999764641867483,0.001499931764782535,0.001265064643070596,0.005001169358704643,0.3021641607998445,0.006400002540602453,0.04431294371750211,100,200,238037.6437691401,8.139933226345235e-07,6.54311057882661,1,1000,1.38629,1973577.681768961,1045900,0.2877590591791053,5.102063878450954,100,3069.763873623568,1363.6184280758,1706.150388851765,85
0.4026928295708518,0.02701249253640091,0.09481577224653363,0.0006570019683151193,0.001499979172423327,0.003698274609237643,0.005305545642492641,0.3018648993307559,0.006400001406738545,0.0443129903951307,100,200,207183.9622975225,8.139984921098759e-07,5.239623673396212,1,1000,1.38629,1923071.832857018,1045900,0.06712077176264097,4.194693521714411,100,2844.101418085476,1141.226644448925,1702.876197515405,86
0.4051347609644542,0.02930896757732065,0.09653830178523611,0.0006992178847030268,0.001499057803210221,0.006488699338231129,0.01083789762699582,0.3037030954328797,0.006651632647572586,0.04431299643726156,100,200,223551.3581707128,8.131666163569491e-07,6.373649498249758,1,1000,1.38629,1879424.504677231,1045900,0.1572495947799996,6.115055197813472,100,3665.563406500596,1278.072640573496,2387.493930157025,87
0.4005660210911152,0.03042390757134545,0.09477234289145095,0.0006992922267766195,0.001497607156566236,0.004517306354324998,0.00731244867984126,0.3000078784858413,0.006400006780270407,0.04203019022054531,100,200,260780.8865553667,8.139997166255944e-07,5.712471531688497,1,1000,1.38629,1996408.527088646,1045900,0.146770761918305,6.350858380081172,100,3356.617859140821,1147.698377542096,2208.944993746387,88
0.4017804181739286,0.03109488484454065,0.09731077140340215,0.0005694146411031926,0.001499992772674307,0.006999943472940254,0.007870799931882238,0.307071742663818,0.00657105649046325,0.0414934994677998,100,200,235383.0917520143,8.131084084216254e-07,0.6030894136720217,1,1000,1.38629,1916619.019972733,1045900,0.3073011128809018,3.234920009426157,100,5055.346607396883,1452.456987334791,3602.898997869512,89
0.3987660995980581,0.03199890646280751,0.09788044879369232,0.0006999996785807093,0.001499999810685944,0.003702236126679791,0.005743443462710391,0.3000000007457087,0.006400000223513823,0.04431299946216967,100,200,197805.3937876265,8.139995999533694e-07,4.089040588214033,1,1000,1.38629,1858767.847909225,1045900,0.02002140506994716,3.479719755528554,100,2756.980392220132,1080.17238710777,1676.812583677831,90
0.4056555030476629,0.02875490770868947,0.09631029118104223,0.0006907509712077976,0.001443555352825534,0.006968351834030024,0.006471588718842952,0.3014628804633744,0.006547647028075212,0.04257854370489188,100,200,264967.4327222932,8.139970825480254e-07,5.662787386323501,1,1000,1.38629,1873063.573586868,1045900,0.07497628409833777,3.234920287268715,100,4377.800369691398,932.160539610564,3445.710801693609,91
0.4065387596918133,0.03132243332636996,0.09558926351544038,0.0006769895803354378,0.001499976666589588,0.004416171360780073,0.01449959573966383,0.3069440987760432,0.006471120701578177,0.04399449043870123,100,200,177002.6658567787,8.139644097255059e-07,0.7038330664747522,1,1000,1.38629,1919073.668265063,1045900,0.1230500525893004,5.339491487987587,100,2667.559642921806,719.705966577586,1947.876568914008,92
0.4052756712336907,0.02935153076594544,0.09400993666600796,0.0005506980399800117,0.001444599977261285,0.003695108273099042,0.008542710852887518,0.303427029439902,0.006523172192891552,0.04430197572459771,100,200,241726.1108845196,6.804007440470747e-07,2.547157844920856,1,1000,1.38629,1742287.447578979,1045900,0.02000704980720672,5.563039523638222,100,3463.673696495662,1244.704329009433,2218.970210700591,93
0.4054780392118348,0.03199998236626329,0.09877423339154043,0.0006999998933240237,0.001499999778394041,0.003313634318807439,0.005000002187163313,0.3048502991233921,0.006400000205795168,0.04431299967127934,100,200,195961.9271988994,8.139996395150967e-07,5.112759618358747,1,1000,1.38629,1845779.305696499,1045900,0.06987988138129439,6.053490602972684,100,2865.33986089359,1191.627578374732,1673.713591194129,94
0.4038471533570447,0.03043722211155768,0.09400003042076803,0.0005789290679176026,0.001499999023541562,0.002923029080398148,0.005000000669461648,0.3035953675577776,0.00651015686379628,0.04431299998564967,100,200,211352.6532072531,8.12651886213445e-07,6.095514536342418,1,1000,1.38629,1974559.203347073,1045900,0.3783723179838377,6.145861439801373,100,3058.559182949743,1154.904756422271,1903.681209099963,95
0.4069999978755381,0.02949226377877419,0.0978528487696611,0.0006981916519652241,0.001497073509844017,0.005516698262092704,0.008856990008124942,0.3025662781283798,0.00640000013257756,0.04431297909626623,100,200,185192.4570709884,8.139923321252272e-07,5.783732769761309,1,1000,1.38629,1773831.327997106,1045900,0.1112248422931615,5.217615528084507,100,3196.839898508322,960.4399448308081,2236.408942797056,96
0.3980522877093611,0.03137185679865506,0.09502975792036518,0.0006999991952852732,0.00136205974517224,0.0053157962668206,0.005000396852522228,0.3000439434633289,0.006577811594780361,0.04068683798910405,100,200,177045.0367538041,6.924793123128902e-07,1.918042131897844,1,1000,1.38629,1831455.359105708,1045900,0.03075668459980536,6.796101761292786,100,3661.305761690521,1212.033276657966,2449.283038711085,97
0.4069999305717354,0.0271522964364444,0.09999999995083432,0.0006998463951464962,0.00149933249807043,0.00393841450957569,0.005494373551270944,0.300000002705144,0.006400005103509687,0.04175567820493398,100,200,238582.2427376507,8.139424547133875e-07,7.908238358195474,1,1000,1.38629,1816119.372612526,1045900,0.02061685796829064,6.414616080625722,100,3314.346449703884,1362.765055830775,1951.594967909482,98
0.4029260536141865,0.0318361495769631,0.09723253783157791,0.0006999800553645662,0.001499998879524751,0.005136496564791259,0.01401009252595359,0.3000040209583461,0.006473783088640515,0.0422728664549744,100,200,208184.7829836858,6.67930666953462e-07,4.019630648566785,1,1000,1.38629,1895839.354932762,1045900,0.1085023174788889,4.575407888803242,100,3526.049322009709,995.5289854389584,2530.520526376918,99
0.4061683920450151,0.03030156363820681,0.09400141189025724,0.00051987496124001,0.001417272311705231,0.002070166581468119,0.0071436222189882,0.309102568265732,0.00662394278332496,0.04218706220460151,100,200,191353.7234209364,8.11547912098844e-07,0.6423900621144413,1,1000,1.38629,1907254.087801015,1045900,0.02038036697326637,6.798708855266132,100,3273.81234747533,1585.67557758546,1688.14974715006,100
0.4069998101288618,0.03198812078837063,0.09400000161932241,0.0006994366381132637,0.001499996915712239,0.002291142485634931,0.008367187257676873,0.3098372615390752,0.006502014346620484,0.04431299966571708,100,200,177500.8265478559,8.138447424064034e-07,0.4333878866040536,1,1000,1.38629,1900957.661074787,1045900,0.05228046772113083,3.253482695621407,100,2481.80468470425,914.9634568105846,1566.84192025876,101
0.3996351078926102,0.03197861003387455,0.09553037864869096,0.0006996592136401268,0.001432987063821837,0.004291783841683507,0.009244586480143811,0.3000391710682702,0.006591063871083563,0.04177877324866992,100,200,191904.2106383744,6.721752837923261e-07,3.983741883867981,1,1000,1.38629,1911276.766228171,1045900,0.2080219458794406,3.23601433250043,100,3111.369498357686,957.1022714704266,2154.293917699335,102
0.4028350638198734,0.03079934452864834,0.09751953144290199,0.0006962598312140357,0.001499999975777775,0.002268489031859109,0.006786250586265502,0.3000000133780475,0.006400494456340568,0.04354208038445147,100,200,166057.3357145582,8.139989935278318e-07,4.301589047724017,1,1000,1.38629,1837616.754002846,1045900,0.1959088267033264,4.492856581466757,100,2698.497702161334,1040.499475977966,1658.010711358216,103
0.4069999999783621,0.03139440974622883,0.09756732974633517,0.0006999413529116932,0.001499779052012075,0.004143220173093628,0.01137722157295199,0.3049288626853346,0.006676073130707403,0.04431299994151819,100,200,209115.8054442761,8.139992824241018e-07,1.485848492652681,1,1000,1.38629,1789161.376469372,1045900,0.1680851809283575,4.148284859086701,100,3087.232426899409,958.2539258973759,2128.9883508974,104
0.4034644532727744,0.03143395854787202,0.09475779709135937,0.0006347681579576273,0.001465097200080473,0.002197823700798694,0.005001968037889672,0.3031172804714601,0.006435438546477788,0.04430455433258155,100,200,242354.7561181403,8.083641028949725e-07,6.477285107267921,1,1000,1.38629,1763782.683343818,1045900,0.02356605671433904,3.234920072732272,100,2962.051410393975,1118.345355757447,1843.731176739089,105
0.4067254753428319,0.02798021963255203,0.09822377642407483,0.000699999667060285,0.001499999708337809,0.004394051240084128,0.008406802284460339,0.3031351922083298,0.006400000005350554,0.0443129989628533,100,200,181642.7629343762,8.139996565636474e-07,3.183203761943719,1,1000,1.38629,1968770.97863449,1045900,0.1072568737824945,4.038675900958459,100,2815.536161885431,1068.765156647307,1746.77312063837,106
0.4011992191654968,0.03018414250136572,0.09404806978024227,0.000699998837043759,0.001484147609846658,0.003370292945124073,0.005316503346990708,0.3009033830241509,0.006400300664653887,0.04416487993041793,100,200,241668.1810944348,8.139999999510776e-07,8.081299999963983,1,1000,1.38629,1964145.183960699,1045900,0.1496656228476239,5.673567944286117,100,2959.065812422396,1080.128790084938,1878.975485469658,107
0.4012837973702912,0.02700490076387586,0.094000055243442,0.0006999999882377368,0.00149999995258047,0.003933997522717092,0.005002953736355731,0.3010066336392449,0.006400000170413717,0.04040840469822811,100,200,194760.3889426913,8.139999467886066e-07,5.871610581345634,1,1000,1.38629,1736809.3799108,1045900,0.04633280440316538,5.916810712243835,100,3247.367220011925,1331.784805092674,1915.594538575412,108
0.3992068758533982,0.03096946630011507,0.09400000183799213,0.000680245003170865,0.00149969384079239,0.006329011130156735,0.01182680556073082,0.3031422855036305,0.006400002938315316,0.04431291860478414,100,200,189726.6345058166,8.134813067564408e-07,5.438879311123475,1,1000,1.38629,1855820.684719094,1045900,0.04884823482439282,6.637735597527938,100,3358.861177140034,1237.663288994547,2121.20228883667,109
0.40668636478908,0.02885110650429076,0.09521314130217261,0.0006614364134207284,0.001441621021027833,0.004979254232932787,0.005004541272768558,0.3078771652639625,0.00656650412300434,0.04078965724774533,100,200,263341.769876365,8.139966931961541e-07,4.826096574491812,1,1000,1.38629,1994964.565966931,1045900,0.3797233941789437,3.565561148078213,100,3657.502307055156,1323.020220011161,2334.483336674996,110
0.3993605477953192,0.02978736950102385,0.09443516125021884,0.0006635332206234236,0.001476788989268604,0.005814060451277055,0.005009599650794752,0.3000437563036655,0.00640051877745003,0.04316098928483301,100,200,263898.1463803071,8.139921734253711e-07,6.405827360017391,1,1000,1.38629,1854299.161915875,1045900,0.2992614204649606,5.015619429845239,100,3697.951284397504,1119.715347549726,2578.242306392918,111
0.4045469458188303,0.02700545294563967,0.09748499966388446,0.0006613343151148545,0.001466272863342357,0.005642543547825505,0.008123620586700001,0.3047197327741005,0.006489459055790882,0.0435942205138832,100,200,176203.7825460031,8.139210996344347e-07,4.920936508092448,1,1000,1.38629,1955104.729758314,1045900,0.3401337893908323,4.21103238696643,100,4780.008614943852,1651.436623166502,3128.589769828939,112
0.3956133707995369,0.03189808870322425,0.09400000066596971,0.0006994205038713797,0.001499999464074209,0.001765048389187015,0.007798631976350149,0.3000001719832923,0.006400000985325983,0.04406276790854165,100,200,218778.7548280056,8.139999362028674e-07,0.9815756790293105,1,1000,1.38629,1964930.001733488,1045900,0.0435609228765174,6.401737187634991,100,2739.542850182968,1231.751939676371,1507.794786269216,113
0.4069845797625239,0.03026606754619887,0.0968067367464918,0.0006982550566996447,0.001469713873509838,0.006999997977188187,0.01276401791672347,0.3059316317370002,0.006453212028793466,0.04431299666513326,100,200,168177.2550188749,8.139294728082609e-07,2.563620806102389,1,1000,1.38629,1901448.755685471,1045900,0.2196512013419995,6.753571381916724,100,3268.110878099724,1145.936990963173,2329.571328054705,114
0.4056425588938677,0.03055538378704868,0.0965669624891216,0.0005751229696509792,0.001427735538984707,0.006996226852588104,0.005000001867270031,0.3024052641234837,0.00657421918147031,0.04429445698198174,100,200,202715.6702326806,8.139987397941375e-07,5.313575522086251,1,1000,1.38629,1759423.897550945,1045900,0.2510113639399051,4.400462936121991,100,4917.766717817969,934.8348807691657,3982.997853419194,115
0.4034624930668201,0.02702486554475962,0.09692249944748534,0.000564471206383439,0.001467999858366086,0.00681391001031263,0.006345797771883713,0.3067236676278925,0.006535920336463576,0.04277221072374144,100,200,180207.1018696736,8.134504925688981e-07,1.507890619417675,1,1000,1.38629,1767646.249762123,1045900,0.05616821040664572,4.995044147208382,100,4231.463491995935,1656.733498114414,2574.746628793744,116
0.405232979229732,0.02991008033031874,0.09922842481188617,0.0006769762148725416,0.001499998635225576,0.00343371226006521,0.005000000531562477,0.3000000083475678,0.00640001333524684,0.04369622707222565,100,200,261566.6896474995,8.139630756418686e-07,6.261197836654513,1,1000,1.38629,1993344.261357753,1045900,0.2715663361259881,3.645905874177678,100,2936.134915472256,989.03808590484,1947.098844629842,117
0.404208076296335,0.02789612629685317,0.09587778765250002,0.0005373034909847256,0.001497399601973603,0.003062107150887177,0.01498058906913618,0.3005735467690743,0.006597495300444099,0.03906590673004728,100,200,203509.8183075909,8.114408122990643e-07,0.4311351240449833,1,1000,1.38629,1877894.417035699,1045900,0.2048523522861517,4.91061759758865,100,3106.810918409763,978.2175353882526,2128.624044796273,118
0.3996653953791,0.03199999898225048,0.09832712312062679,0.0006999999535387254,0.001499999983368383,0.003053974279004349,0.005000003026494926,0.300270989353883,0.00640000008425501,0.04229329298556655,100,200,186948.8121184521,8.139999500192547e-07,4.85653154509149,1,1000,1.38629,1828795.286288591,1045900,0.3441487330642515,6.79718184400941,100,3149.400792987091,1314.567073650624,1834.835172699404,119
0.3980515358309681,0.0319993641359128,0.09625670499373777,0.0006567667941369073,0.001499926680926329,0.002279592348027296,0.01093229373213054,0.3000088460321241,0.006400217795623912,0.04290983045739071,100,200,245201.1506318546,7.457315419231992e-07,0.4253303322894922,1,1000,1.38629,1837789.393087675,1045900,0.05367995460531465,5.113522595171798,100,2977.950840447447,1265.867532989125,1712.09096834139,120
0.3937861631784402,0.02874594881617607,0.09401328812542784,0.0006979958153869604,0.001436864138756579,0.006485628790754044,0.006294517816038854,0.301940799868218,0.006507881348514031,0.043898628088613,100,200,182229.5927651239,7.685503170021862e-07,0.5392723454029036,1,1000,1.38629,1976228.232305248,1045900,0.02036882897498182,5.225070689989265,100,3882.710152958468,1521.063540085225,2361.657267369945,121
0.4055157162531832,0.02942636717613389,0.09719422247690911,0.0006006877551810979,0.001499524879427093,0.005039619478347705,0.007645875551159055,0.3024270875272635,0.006574807507176232,0.0370052603843963,100,200,195874.9584571333,8.115722478182213e-07,2.537371364381432,1,1000,1.38629,1763481.703566387,1045900,0.0777686938236483,6.174678600314173,100,3634.885624195846,1034.249405997427,2600.640384910083,122
0.4010470609506001,0.0291884427279326,0.09400001519440933,0.0006292885201895555,0.001497339050269474,0.006153492328865714,0.0078528966615669,0.3036445138767451,0.006400000049890811,0.04276506859459332,100,200,228550.8308505138,8.112599119631558e-07,7.066673553160896,1,1000,1.38629,1989517.047432839,1045900,0.254330079050819,3.262932028219597,100,3436.027725390742,1184.995449963569,2251.038545114226,123
0.406999815403118,0.0319938509828173,0.09628004228487559,0.0004726207991463056,0.001438372072392913,0.004880863864205088,0.01064025588305744,0.3038189298240824,0.006400191473515558,0.03979405523031528,100,200,186617.8115477789,8.136276704780888e-07,4.171625356369248,1,1000,1.38629,1938656.943498743,1045900,0.2948866907779694,5.802117982020528,100,4131.11886979064,1156.555892769936,2974.623771750196,124
0.4040509794806572,0.03109297607054224,0.09807466773769823,0.0006999996831559307,0.001448160790923445,0.002442793763147924,0.006421319815951798,0.3000000000019946,0.006400001853641423,0.04419138859382,100,200,215702.8905693274,8.137820864770525e-07,5.64360142870374,1,1000,1.38629,1850484.642048346,1045900,0.09591935873671732,5.061024440648172,100,2946.048650719556,1129.790814081282,1816.270975792386,125
0.4002909397371537,0.03199999999451195,0.09438881189023478,0.0006999997475073806,0.001499693719143805,0.00100003120060323,0.009844462152508686,0.3008564448743369,0.006400018202768444,0.04430420972643224,100,200,198480.2924447954,8.139999797815471e-07,2.213872716108169,1,1000,1.38629,1807050.442575939,1045900,0.02929303165042762,6.354561784300269,100,2995.941708672501,1185.146320494262,1810.797691287554,126
0.398735619946422,0.03195865915332276,0.0954858897927412,0.0005687519492120799,0.001477060158077757,0.005296990792388489,0.006994375550667233,0.302353714000053,0.006401647936617709,0.04113806625594584,100,200,213631.1744821504,7.531756100365155e-07,6.14708510537461,1,1000,1.38629,1898246.738798775,1045900,0.1676651689002923,6.052543953973853,100,3625.735809775451,1453.362755608818,2172.389521883214,127
0.3997777062997949,0.0319999999498758,0.09531934853286886,0.00069998453844493,0.00149999833856638,0.001192946644485428,0.005006099046337155,0.3001851133359059,0.006400280426530593,0.04431299990985624,100,200,247787.8169000077,8.139996833603046e-07,2.145459478316024,1,1000,1.38629,1954507.962425261,1045900,0.2554525541271851,3.598626690218544,100,2667.549574060715,1015.04823939123,1652.509548924498,128
0.4035851481950526,0.03197691773734694,0.09999999988966998,0.0006949398928923207,0.001499999990448179,0.003906357691254109,0.00509378669875465,0.300963797113684,0.006400000336553874,0.04431271451056692,100,200,228578.5515464294,8.139504230558202e-07,1.814168108505078,1,1000,1.38629,1820224.556943074,1045900,0.3799999997153573,6.791899417183858,100,3131.099564094973,1112.125643509866,2018.954225524821,129
0.4063446763318841,0.02971148060555978,0.0988051965753747,0.0006432053595844003,0.001499900375146411,0.001505230030691371,0.005140272815262248,0.300000003880553,0.006461208013383798,0.04431295125045122,100,200,182049.6790541993,7.323217333219416e-07,0.8527737871962491,1,1000,1.38629,1851840.148707961,1045900,0.02003328626439089,6.541204773579514,100,2439.462734782315,883.6832207838556,1555.81502170919,130
0.3968734335383193,0.03169338869906307,0.09579496149606452,0.000699237366332456,0.001499999009757104,0.005165655278039262,0.005764532685029898,0.30000000067348,0.006457893509166208,0.0419160289574212,100,200,245115.1209184768,8.139985408518499e-07,8.081299999798544,1,1000,1.38629,1884295.837878421,1045900,0.0281483889747529,5.089111362153977,100,3344.048453550986,1259.240372356972,2084.811803136769,131
0.4038781904539098,0.03174684989319025,0.09639486349675945,0.0006646893432926139,0.001404171329641719,0.001232210150887427,0.005218961950128327,0.3046413823274051,0.006400001994512984,0.04133777243897362,100,200,161907.1730521975,8.139595286744886e-07,1.224480935971622,1,1000,1.38629,1998016.11392785,1045900,0.09624689991374843,5.856681799841547,100,2735.353011213752,1234.648860013639,1500.708153947262,132
0.4054788977487302,0.0319996883393464,0.09720382667412733,0.0006530298376247554,0.001499999697914301,0.004945386030342978,0.007429369967341358,0.3057620755646339,0.006416413535919653,0.04429155192820514,100,200,170676.1358178678,8.139991757025897e-07,4.040012966464649,1,1000,1.38629,1995132.032476629,1045900,0.2305679080449244,5.361974548089934,100,2915.316560712097,938.3463706018993,1976.985514410899,133
0.4069999992037309,0.03199998250015987,0.0945787717192953,0.0006999998390051913,0.00149996270067897,0.001361499763440001,0.005017631936651955,0.3079777703097663,0.006400158832861202,0.04352304777955795,100,200,247655.540921988,8.139929437712666e-07,3.462897836030701,1,1000,1.38629,1888708.617726089,1045900,0.2170495265513097,4.080554443708833,100,2943.04006749206,1130.000398956504,1813.039866714128,134
0.4005859113956453,0.03184520437763645,0.09400000206602356,0.0006999760368641481,0.00149440883851834,0.002758062770113405,0.01433153910331025,0.3045272530450891,0.006400000038738864,0.04431299873080889,100,200,162731.648846282,8.139674632420368e-07,0.4316099348597069,1,1000,1.38629,1820052.960573546,1045900,0.03836663719735299,6.491809671870013,100,2659.518895049281,1138.713060441771,1520.811691870664,135
0.4069999990157041,0.03023894402486025,0.09651200788764792,0.0006999999999538482,0.001499999166690009,0.001000000024332564,0.00500003970932356,0.3047756054645129,0.00640005148744249,0.03760201846024649,100,200,163592.4971980404,8.132136317842027e-07,2.592954991251585,1,1000,1.38629,1936310.590605572,1045900,0.08201324273404084,3.892076143730738,100,2788.090601915072,1015.281463665755,1772.84112975775,136
0.4069999997722504,0.03199999181298006,0.09625768219055236,0.0006989852845775027,0.001300006827066256,0.004030562413938992,0.005000000044726993,0.3045945940002851,0.00640000008768749,0.0398898432389382,100,200,186184.31501454,8.139993154160809e-07,4.730528992748407,1,1000,1.38629,1982402.545818139,1045900,0.150905942374859,3.827259186814118,100,3572.240873124749,992.3280304143364,2579.976181356939,137
0.4062233567459467,0.03111902515124995,0.09668586165867865,0.000584508025867448,0.001499259259754975,0.004026910249015934,0.00514212099391731,0.302438980044787,0.006581640013610545,0.043744136619273,100,200,237585.2749777749,8.120544005835862e-07,2.51725744915109,1,1000,1.38629,1825412.096491559,1045900,0.02098333282088867,4.792353714064709,100,3587.3283845843,1032.758578865715,2554.575790838114,138
0.4038290563343652,0.02774178635429114,0.09493213989684768,0.0006999999941617589,0.001499988900582137,0.00379443108379111,0.008206732343301337,0.3011472341721162,0.006400000064728628,0.04431122350506432,100,200,217632.1421166558,8.138526918238018e-07,3.520883935260193,1,1000,1.38629,1809460.690628828,1045900,0.1399767841755629,6.774741372910968,100,3171.363952759464,1227.776697330548,1943.621281884672,139
0.406999999993017,0.03051276450486384,0.09400001233030175,0.0006999997102112973,0.001499999888234934,0.004661414869890533,0.005210092778116016,0.3094545676227964,0.006400003054665144,0.04431299996113641,100,200,265010.6575610025,8.13994280547986e-07,7.385006028409181,1,1000,1.38629,1883449.972185409,1045900,0.3603987749110827,4.689545547882756,100,3372.863442683012,1171.63319199292,2201.235717933248,140
0.4049458040469315,0.02850971851170162,0.09401592316686731,0.0006999970055669386,0.001499999665309826,0.002458019145792432,0.005005912872383261,0.3057165557621463,0.006400000304034406,0.04431299998633628,100,200,175068.9846263652,8.139993051926294e-07,7.799918297595525,1,1000,1.38629,1985674.797101155,1045900,0.1873043425080933,4.891178744199959,100,2752.696514433286,1237.146419594236,1515.556919869526,141
