390.51,1240.5,163.1,45.446,1088.4,5,1,345.07,557.01,90.207,0.0001,0.0023
403.53,1313.6,164.32,163.2,1159.8,5.1017,1.5752,240.33,541.06,90.815,7.9987,0.002338
416.97,1387.9,165.56,246.32,1232.1,5.2042,2.169,170.65,526.28,91.428,8.0737,0.0023767
430.87,1463.6,166.83,306.31,1305.4,5.3075,2.7824,124.57,512.64,92.047,8.1434,0.002416
445.23,1540.7,168.13,351.22,1379.7,5.4115,3.4155,94.019,500.07,92.671,8.2084,0.0024559
460.07,1619.3,169.45,386.15,1455.1,5.5163,4.0693,73.923,488.55,93.301,8.2692,0.0024964
475.41,1699.5,170.81,414.57,1531.7,5.6219,4.7443,60.838,478.04,93.936,8.3263,0.0025376
491.25,1781.5,172.19,438.76,1609.7,5.7283,5.4414,52.486,468.52,94.577,8.38,0.0025795
507.63,1865.2,173.6,460.33,1689.2,5.8356,6.1613,47.294,459.94,95.224,8.4306,0.002622
524.54,1950.8,175.04,480.33,1770.1,5.9437,6.9046,44.215,452.28,95.877,8.4784,0.0026652
542.02,2038.4,176.51,499.45,1852.7,6.0526,7.6722,42.574,445.51,96.535,8.5237,0.002709
560.08,2128,178.02,518.17,1936.9,6.1625,8.4649,41.909,439.6,97.2,8.5667,0.0027536
578.75,2219.9,179.56,536.83,2023.1,6.2733,9.2837,41.915,434.53,97.871,8.6075,0.0027989
598.03,2314,181.13,555.65,2111.1,6.385,10.129,42.38,430.29,98.548,8.6464,0.0028449
617.96,2410.5,182.74,574.79,2201.2,6.4977,11.003,43.169,426.85,99.232,8.6834,0.0028916
638.55,2509.5,184.38,594.36,2293.4,6.6114,11.905,44.191,424.18,99.922,8.7188,0.002939
659.83,2611.1,186.06,614.45,2387.9,6.726,12.836,45.384,422.28,100.62,8.7526,0.0029872
681.81,2715.5,187.79,635.1,2484.8,6.8417,13.798,46.709,421.12,101.32,8.7849,0.0030362
704.53,2822.6,189.55,656.39,2584.1,6.9584,14.792,48.141,420.69,102.03,8.8159,0.0030859
728.02,2932.8,191.35,678.35,2686,7.0762,15.819,49.662,421,102.75,8.8457,0.0031364
752.28,3046,193.2,701.02,2790.7,7.1952,16.88,51.262,422.01,103.48,8.8742,0.0031877
777.35,3162.4,195.09,724.42,2898.2,7.3152,17.976,52.934,423.72,104.21,8.9017,0.0032398
803.26,3282.2,197.02,748.59,3008.6,7.4364,19.107,54.673,426.11,104.95,8.9281,0.0032927
830.03,3405.3,199,773.55,3122.1,7.5588,20.276,56.479,429.18,105.7,8.9535,0.0033465
857.69,3532.1,201.03,799.34,3238.8,7.6824,21.484,58.35,432.92,106.46,8.978,0.003401
886.27,3662.6,203.11,825.98,3358.8,7.8072,22.731,60.287,437.33,107.23,9.0016,0.0034564
915.79,3797,205.24,853.5,3482.3,7.9333,24.02,62.292,442.41,108,9.0244,0.0035127
946.3,3935.4,207.42,881.94,3609.5,8.0607,25.351,64.364,448.14,108.78,9.0464,0.0035699
977.82,4077.9,209.66,911.32,3740.3,8.1895,26.726,66.507,454.52,109.57,9.0676,0.0036279
1010.4,4224.8,211.95,941.67,3875.1,8.3196,28.146,68.721,461.56,110.37,9.0881,0.0036868
1044,4376.1,214.3,973.03,4013.8,8.4512,29.613,71.01,469.26,111.18,9.1079,0.0037467
1078.8,4532.1,216.71,1005.4,4156.8,8.5842,31.129,73.375,477.61,112,9.1271,0.0038074
1114.7,4692.9,219.18,1038.9,4304.1,8.7187,32.694,75.819,486.62,112.83,9.1457,0.0038691
1151.8,4858.6,221.72,1073.5,4456,8.8547,34.312,78.344,496.29,113.67,9.1636,0.0039317
1190.2,5029.5,224.32,1109.2,4612.5,8.9922,35.983,80.954,506.63,114.52,9.181,0.0039953
1229.8,5205.8,226.99,1146.2,4773.8,9.1314,37.709,83.65,517.64,115.38,9.1979,0.0040599
1270.7,5387.5,229.73,1184.3,4940.2,9.2723,39.492,86.435,529.32,116.25,9.2142,0.0041254
1313,5575,232.54,1223.7,5111.8,9.4148,41.334,89.313,541.68,117.14,9.23,0.004192
1356.7,5768.4,235.42,1264.4,5288.7,9.5591,43.236,92.286,554.73,118.03,9.2453,0.0042595
1401.8,5968,238.38,1306.5,5471.2,9.7051,45.202,95.359,568.49,118.94,9.2602,0.0043281
1448.5,6173.8,241.42,1349.9,5659.5,9.853,47.233,98.533,582.95,119.86,9.2746,0.0043977
1496.7,6386.3,244.55,1394.8,5853.8,10.003,49.331,101.81,598.13,120.79,9.2886,0.0044683
1546.4,6605.5,247.75,1441.2,6054.3,10.155,51.498,105.2,614.04,121.73,9.3022,0.00454
1597.8,6831.7,251.04,1489.1,6261.1,10.308,53.737,108.7,630.7,122.69,9.3154,0.0046128
1651,7065.2,254.43,1538.6,6474.6,10.464,56.05,112.32,648.11,123.66,9.3281,0.0046867
1705.8,7306.2,257.9,1589.8,6694.9,10.622,58.439,116.05,666.3,124.64,9.3406,0.0047616
1762.5,7554.9,261.47,1642.6,6922.3,10.782,60.907,119.91,685.27,125.64,9.3526,0.0048377
1821.1,7811.7,265.14,1697.2,7156.9,10.944,63.457,123.9,705.05,126.65,9.3643,0.004915
1881.5,8076.7,268.91,1753.5,7399.2,11.109,66.091,128.02,725.65,127.68,9.3757,0.0049933
1944,8350.3,272.79,1811.8,7649.3,11.276,68.812,132.27,747.09,128.72,9.3867,0.0050728
2008.6,8632.8,276.77,1871.9,7907.5,11.445,71.624,136.67,769.39,129.78,9.3974,0.0051535
2075.2,8924.4,280.87,1934,8174,11.617,74.528,141.21,792.57,130.86,9.4078,0.0052354
2144.1,9225.5,285.08,1998.2,8449.2,11.792,77.528,145.9,816.65,131.95,9.4179,0.0053185
2215.3,9536.4,289.41,2064.5,8733.3,11.969,80.627,150.74,841.65,133.06,9.4278,0.0054028
2288.7,9857.3,293.87,2133,9026.6,12.148,83.829,155.75,867.61,134.19,9.4373,0.0054884
2364.6,10189,298.45,2203.7,9329.4,12.331,87.136,160.92,894.54,135.33,9.4466,0.0055751
2443,10531,303.16,2276.8,9642.1,12.517,90.553,166.26,922.46,136.5,9.4556,0.0056632
2524,10884,308.01,2352.2,9965,12.705,94.083,171.77,951.42,137.68,9.4643,0.0057525
2607.6,11249,313,2430.1,10298,12.897,97.729,177.47,981.43,138.89,9.4728,0.0058431
2694,11626,318.13,2510.6,10643,13.091,101.5,183.36,1012.5,140.12,9.4811,0.005935
2783.2,12015,323.41,2593.8,10998,13.289,105.39,189.44,1044.7,141.36,9.4891,0.0060282
2875.3,12416,328.84,2679.6,11365,13.49,109.41,195.72,1078.1,142.63,9.4969,0.0061228
2970.5,12831,334.44,2768.3,11744,13.695,113.56,202.2,1112.6,143.92,9.5045,0.0062187
3068.7,13259,340.19,2859.8,12135,13.903,117.85,208.9,1148.3,145.24,9.5119,0.006316
3170.2,13701,346.12,2954.4,12540,14.115,122.28,215.81,1185.3,146.57,9.519,0.0064146
3275,14158,352.22,3052,12957,14.33,126.85,222.96,1223.6,147.94,9.526,0.0065147
3383.2,14629,358.5,3152.9,13388,14.55,131.58,230.34,1263.2,149.32,9.5328,0.0066161
3495,15116,364.97,3257,13833,14.773,136.46,237.96,1304.2,150.74,9.5393,0.006719
3610.3,15619,371.63,3364.5,14292,15.001,141.51,245.83,1346.6,152.18,9.5457,0.0068233
3729.5,16138,378.48,3475.5,14766,15.232,146.72,253.95,1390.4,153.65,9.5519,0.0069291
3852.5,16674,385.54,3590.2,15256,15.469,152.1,262.34,1435.7,155.14,9.558,0.0070364
3979.5,17227,392.82,3708.5,15762,15.709,157.66,271.01,1482.5,156.67,9.5638,0.0071451
4110.7,17798,400.3,3830.7,16284,15.954,163.4,279.96,1530.9,158.23,9.5695,0.0072553
4246.1,18388,408.02,3956.9,16823,16.204,169.33,289.19,1581,159.81,9.5751,0.0073671
4385.9,18997,415.97,4087.2,17380,16.459,175.46,298.73,1632.7,161.43,9.5804,0.0074804
4530.2,19626,424.15,4221.6,17954,16.719,181.78,308.58,1686.2,163.09,9.5857,0.0075952
4679.2,20275,432.58,4360.5,18548,16.984,188.32,318.75,1741.5,164.77,9.5907,0.0077116
4833,20946,441.27,4503.8,19160,17.254,195.06,329.25,1798.6,166.5,9.5957,0.0078296
4991.8,21638,450.22,4651.7,19793,17.53,202.03,340.09,1857.6,168.25,9.6005,0.0079491
5155.7,22352,459.45,4804.4,20446,17.812,209.23,351.29,1918.5,170.05,9.6051,0.0080703
5324.9,23090,468.95,4962,21120,18.099,216.67,362.84,1981.5,171.88,9.6097,0.008193
5499.5,23851,478.74,5124.7,21816,18.393,224.34,374.76,2046.6,173.76,9.614,0.0083175
5679.7,24637,488.83,5292.6,22534,18.693,232.27,387.08,2113.8,175.67,9.6183,0.0084435
5865.7,25448,499.23,5465.9,23275,18.999,240.46,399.78,2183.2,177.63,9.6225,0.0085713
6057.6,26286,509.94,5644.7,24041,19.312,248.92,412.9,2254.9,179.63,9.6265,0.0087007
6255.7,27150,520.99,5829.2,24831,19.631,257.65,426.44,2328.9,181.67,9.6304,0.0088318
6460.1,28043,532.37,6019.7,25646,19.958,266.67,440.41,2405.4,183.76,9.6342,0.0089646
6671,28964,544.1,6216.1,26488,20.292,275.98,454.83,2484.4,185.9,9.6379,0.0090991
6888.6,29914,556.19,6418.9,27356,20.633,285.59,469.72,2566,188.09,9.6415,0.0092354
7113.1,30895,568.65,6628,28253,20.983,295.52,485.07,2650.2,190.33,9.6449,0.0093734
7344.8,31907,581.5,6843.9,29178,21.34,305.77,500.92,2737.1,192.62,9.6483,0.0095132
7583.8,32952,594.74,7066.5,30132,21.705,316.36,517.28,2826.9,194.96,9.6516,0.0096548
7830.3,34030,608.39,7296.1,31117,22.079,327.28,534.15,2919.6,197.36,9.6548,0.0097981
8084.6,35142,622.46,7533,32134,22.461,338.57,551.56,3015.3,199.82,9.6579,0.0099433
8346.9,36290,636.96,7777.4,33182,22.853,350.21,569.52,3114,202.33,9.6609,0.01009
8617.4,37474,651.91,8029.4,34264,23.254,362.24,588.05,3216,204.91,9.6638,0.010239
8896.4,38696,667.32,8289.3,35380,23.664,374.65,607.16,3321.2,207.55,9.6666,0.01039
9184.1,39957,683.21,8557.3,36532,24.084,387.47,626.88,3429.9,210.25,9.6693,0.010542
9480.8,41257,699.58,8833.6,37720,24.514,400.7,647.21,3542,213.02,9.672,0.010697
9786.8,42598,716.47,9118.6,38945,24.955,414.35,668.19,3657.7,215.86,9.6746,0.010853
10102,43982,733.87,9412.4,40209,25.407,428.45,689.82,3777.1,218.77,9.6771,0.011011
10427,45409,751.81,9715.3,41513,25.87,443,712.13,3900.4,221.75,9.6795,0.011171
10763,46880,770.31,10027,42857,26.344,458.01,735.13,4027.5,224.81,9.6818,0.011333
11108,48398,789.38,10349,44244,26.83,473.51,758.85,4158.7,227.94,9.6841,0.011497
11464,49964,809.03,10681,45673,27.328,489.51,783.3,4294.1,231.15,9.6863,0.011663
11831,51577,829.3,11023,47148,27.839,506.02,808.51,4433.8,234.45,9.6884,0.01183
12210,53242,850.18,11375,48667,28.363,523.05,834.5,4577.9,237.83,9.6905,0.012
12599,54957,871.72,11738,50234,28.9,540.63,861.29,4726.5,241.3,9.6925,0.012172
13001,56726,893.91,12112,51850,29.451,558.76,888.9,4879.8,244.86,9.6945,0.012345
13415,58549,916.8,12497,53515,30.016,577.48,917.36,5038,248.52,9.6963,0.012521
13841,60429,940.38,12894,55231,30.596,596.79,946.68,5201.1,252.26,9.6982,0.012699
14280,62366,964.69,13303,57000,31.191,616.71,976.9,5369.3,256.11,9.6999,0.012878
14732,64362,989.76,13724,58823,31.802,637.26,1008,5542.7,260.06,9.7016,0.01306
15198,66420,1015.6,14158,60701,32.429,658.46,1040.1,5721.6,264.12,9.7033,0.013243
15677,68540,1042.2,14604,62636,33.072,680.33,1073.1,5906,268.28,9.7049,0.013429
16171,70724,1069.7,15064,64630,33.732,702.89,1107.2,6096.1,272.56,9.7064,0.013617
16679,72974,1097.9,15537,66684,34.41,726.16,1142.2,6292.2,276.95,9.7079,0.013807
17202,75292,1127.1,16024,68800,35.106,750.15,1178.3,6494.2,281.46,9.7093,0.013998
17740,77679,1157.1,16525,70979,35.821,774.9,1215.5,6702.5,286.09,9.7107,0.014192
18294,80138,1188.1,17041,73222,36.555,800.42,1253.8,6917.2,290.85,9.712,0.014388
18864,82670,1220,17571,75533,37.308,826.73,1293.1,7138.4,295.74,9.7133,0.014586
19451,85277,1252.9,18117,77912,38.083,853.87,1333.7,7366.4,300.76,9.7145,0.014786
20054,87961,1286.8,18679,80361,38.878,881.84,1375.4,7601.3,305.92,9.7157,0.014988
20674,90724,1321.7,19256,82882,39.695,910.68,1418.4,7843.3,311.22,9.7169,0.015192
21313,93568,1357.6,19850,85477,40.534,940.41,1462.6,8092.6,316.67,9.718,0.015398
21969,96495,1394.7,20461,88147,41.397,971.05,1508,8349.4,322.27,9.7191,0.015606
22643,99507,1432.9,21088,90895,42.283,1002.6,1554.8,8613.9,328.03,9.7201,0.015817
23336,1.0261e+05,1472.2,21733,93722,43.194,1035.2,1602.9,8886.3,333.94,9.721,0.016029
24049,1.0579e+05,1512.7,22396,96629,44.13,1068.7,1652.3,9166.8,340.03,9.722,0.016243
24781,1.0907e+05,1554.4,23078,99620,45.092,1103.3,1703.2,9455.7,346.28,9.7229,0.01646
25533,1.1245e+05,1597.4,23777,1.027e+05,46.08,1138.9,1755.5,9753,352.7,9.7237,0.016678
26306,1.1592e+05,1641.7,24496,1.0586e+05,47.096,1175.6,1809.2,10059,359.31,9.7245,0.016899
27099,1.1948e+05,1687.3,25235,1.0911e+05,48.141,1213.4,1864.5,10374,366.11,9.7253,0.017122
27914,1.2315e+05,1734.2,25993,1.1245e+05,49.215,1252.3,1921.2,10698,373.09,9.7261,0.017346
28750,1.2692e+05,1782.5,26771,1.1589e+05,50.319,1292.4,1979.6,11032,380.28,9.7268,0.017573
29609,1.3079e+05,1832.3,27569,1.1942e+05,51.453,1333.7,2039.5,11375,387.66,9.7274,0.017802
30490,1.3477e+05,1883.6,28389,1.2304e+05,52.62,1376.3,2101,11728,395.26,9.7281,0.018033
31394,1.3886e+05,1936.3,29230,1.2677e+05,53.82,1420.1,2164.2,12092,403.07,9.7287,0.018266
32322,1.4306e+05,1990.6,30093,1.3059e+05,55.053,1465.1,2229,12465,411.1,9.7292,0.018501
33273,1.4737e+05,2046.5,30977,1.3452e+05,56.321,1511.5,2295.6,12849,419.36,9.7298,0.018738
34248,1.518e+05,2104,31884,1.3855e+05,57.625,1559.3,2363.9,13244,427.85,9.7303,0.018976
35248,1.5634e+05,2163.2,32814,1.4269e+05,58.965,1608.5,2434.1,13650,436.59,9.7307,0.019217
36273,1.6101e+05,2224.1,33767,1.4694e+05,60.344,1659.1,2506,14067,445.58,9.7312,0.01946
37323,1.6579e+05,2286.8,34743,1.513e+05,61.761,1711.1,2579.8,14496,454.82,9.7316,0.019705
38399,1.7071e+05,2351.2,35744,1.5577e+05,63.219,1764.7,2655.4,14937,464.32,9.7319,0.019952
39501,1.7574e+05,2417.5,36768,1.6036e+05,64.718,1819.8,2733,15389,474.1,9.7322,0.020201
40630,1.8091e+05,2485.7,37817,1.6506e+05,66.259,1876.4,2812.5,15854,484.15,9.7325,0.020452
41785,1.8621e+05,2555.9,38891,1.6988e+05,67.844,1934.7,2894,16332,494.49,9.7328,0.020705
42968,1.9164e+05,2628,39990,1.7482e+05,69.473,1994.6,2977.5,16822,505.12,9.7331,0.020959
44177,1.9721e+05,2702.2,41114,1.7988e+05,71.149,2056.2,3063,17325,516.06,9.7333,0.021216
45415,2.0291e+05,2778.5,42265,1.8507e+05,72.873,2119.6,3150.6,17841,527.31,9.7334,0.021474
46681,2.0875e+05,2856.9,43441,1.9038e+05,74.645,2184.7,3240.3,18371,538.88,9.7336,0.021735
47975,2.1474e+05,2937.4,44643,1.9582e+05,76.467,2251.6,3332.1,18915,550.78,9.7337,0.021997
49298,2.2086e+05,3020.3,45872,2.0139e+05,78.34,2320.3,3426.1,19472,563.02,9.7338,0.022261
50650,2.2713e+05,3105.4,47128,2.0709e+05,80.267,2391,3522.2,20044,575.6,9.7338,0.022527
52032,2.3355e+05,3192.8,48411,2.1292e+05,82.247,2463.5,3620.6,20630,588.54,9.7339,0.022794
53442,2.4011e+05,3282.6,49721,2.1888e+05,84.284,2538.1,3721.1,21231,601.85,9.7339,0.023064
54883,2.4683e+05,3374.9,51059,2.2498e+05,86.378,2614.6,3823.9,21847,615.54,9.7338,0.023335
56353,2.537e+05,3469.6,52424,2.3122e+05,88.531,2693.2,3929,22477,629.61,9.7338,0.023608
57853,2.6071e+05,3567,53817,2.3759e+05,90.744,2773.9,4036.4,23124,644.08,9.7337,0.023883
59384,2.6789e+05,3666.9,55238,2.441e+05,93.019,2856.7,4146.1,23785,658.96,9.7335,0.024159
60945,2.7522e+05,3769.4,56687,2.5075e+05,95.358,2941.6,4258.2,24463,674.26,9.7334,0.024437
62536,2.827e+05,3874.7,58164,2.5755e+05,97.762,3028.8,4372.5,25156,689.99,9.7332,0.024717
64158,2.9034e+05,3982.8,59669,2.6448e+05,100.23,3118.3,4489.3,25866,706.16,9.733,0.024998
65811,2.9815e+05,4093.6,61202,2.7155e+05,102.77,3210.1,4608.5,26592,722.78,9.7327,0.025281
67494,3.0611e+05,4207.4,62764,2.7877e+05,105.38,3304.2,4730.1,27334,739.87,9.7325,0.025565
69208,3.1423e+05,4324.1,64354,2.8613e+05,108.07,3400.7,4854,28093,757.43,9.7321,0.025851
70953,3.2251e+05,4443.8,65973,2.9364e+05,110.82,3499.6,4980.5,28869,775.49,9.7318,0.026138
72729,3.3095e+05,4566.5,67620,3.0129e+05,113.66,3601,5109.3,29662,794.04,9.7314,0.026427
74535,3.3955e+05,4692.4,69295,3.0908e+05,116.57,3704.9,5240.6,30471,813.11,9.731,0.026718
76372,3.4832e+05,4821.4,70998,3.1702e+05,119.56,3811.4,5374.4,31298,832.71,9.7306,0.027009
78240,3.5724e+05,4953.6,72730,3.251e+05,122.63,3920.4,5510.7,32143,852.85,9.7302,0.027302
80139,3.6633e+05,5089.1,74489,3.3333e+05,125.79,4032.2,5649.4,33005,873.54,9.7297,0.027597
82067,3.7558e+05,5228,76277,3.417e+05,129.03,4146.6,5790.6,33884,894.79,9.7291,0.027893
84026,3.8499e+05,5370.2,78092,3.5021e+05,132.36,4263.7,5934.3,34780,916.63,9.7286,0.02819
86015,3.9456e+05,5515.9,79935,3.5886e+05,135.78,4383.6,6080.4,35695,939.07,9.728,0.028488
88034,4.0429e+05,5665.1,81805,3.6766e+05,139.3,4506.3,6229.1,36627,962.11,9.7274,0.028788
90083,4.1417e+05,5817.9,83703,3.766e+05,142.91,4631.8,6380.2,37576,985.78,9.7267,0.029088
92161,4.2422e+05,5974.3,85628,3.8567e+05,146.61,4760.3,6533.8,38543,1010.1,9.7261,0.02939
94269,4.3442e+05,6134.4,87579,3.9489e+05,150.41,4891.6,6689.9,39528,1035.1,9.7253,0.029693
96405,4.4477e+05,6298.2,89557,4.0424e+05,154.32,5026,6848.4,40531,1060.7,9.7246,0.029997
98570,4.5528e+05,6465.9,91561,4.1373e+05,158.33,5163.3,7009.5,41551,1087,9.7238,0.030302
1.0076e+05,4.6593e+05,6637.3,93591,4.2334e+05,162.44,5303.7,7172.9,42588,1114,9.723,0.030608
1.0299e+05,4.7674e+05,6812.7,95646,4.331e+05,166.66,5447.2,7338.8,43643,1141.8,9.7221,0.030915
1.0523e+05,4.8769e+05,6992.1,97727,4.4297e+05,171,5593.8,7507.2,44715,1170.2,9.7212,0.031223
1.0751e+05,4.9878e+05,7175.5,99833,4.5298e+05,175.44,5743.6,7677.9,45804,1199.4,9.7203,0.031532
1.0981e+05,5.1002e+05,7363,1.0196e+05,4.6311e+05,180,5896.6,7851.1,46910,1229.4,9.7194,0.031841
1.1215e+05,5.214e+05,7554.6,1.0412e+05,4.7336e+05,184.68,6052.8,8026.7,48033,1260.2,9.7184,0.032151
1.145e+05,5.3291e+05,7750.4,1.063e+05,4.8373e+05,189.48,6212.3,8204.7,49172,1291.7,9.7173,0.032463
1.1688e+05,5.4455e+05,7950.4,1.085e+05,4.9422e+05,194.41,6375,8385,50328,1324.1,9.7163,0.032774
1.1929e+05,5.5632e+05,8154.7,1.1072e+05,5.0482e+05,199.46,6541.2,8567.7,51499,1357.3,9.7152,0.033087
1.2173e+05,5.6822e+05,8363.4,1.1297e+05,5.1553e+05,204.63,6710.7,8752.7,52687,1391.4,9.714,0.0334
1.2418e+05,5.8024e+05,8576.5,1.1524e+05,5.2635e+05,209.94,6883.6,8940.1,53890,1426.3,9.7129,0.033713
1.2666e+05,5.9238e+05,8794.1,1.1754e+05,5.3727e+05,215.38,7059.9,9129.7,55108,1462.2,9.7117,0.034028
1.2917e+05,6.0463e+05,9016.2,1.1985e+05,5.4829e+05,220.96,7239.7,9321.7,56341,1498.9,9.7104,0.034342
1.317e+05,6.1699e+05,9242.8,1.2218e+05,5.594e+05,226.68,7423,9515.9,57589,1536.6,9.7091,0.034657
1.3425e+05,6.2946e+05,9474.1,1.2454e+05,5.7061e+05,232.54,7609.9,9712.4,58851,1575.2,9.7078,0.034973
1.3683e+05,6.4203e+05,9710,1.2692e+05,5.8191e+05,238.54,7800.3,9911.1,60126,1614.7,9.7064,0.035289
1.3942e+05,6.547e+05,9950.7,1.2931e+05,5.9328e+05,244.7,7994.3,10112,61415,1655.3,9.705,0.035605
1.4204e+05,6.6746e+05,10196,1.3173e+05,6.0474e+05,251,8191.9,10315,62716,1696.8,9.7035,0.035921
1.4468e+05,6.8031e+05,10446,1.3416e+05,6.1628e+05,257.45,8393.2,10521,64030,1739.4,9.702,0.036238
1.4734e+05,6.9324e+05,10701,1.3662e+05,6.2788e+05,264.06,8598.2,10728,65356,1783,9.7005,0.036555
1.5002e+05,7.0624e+05,10962,1.3909e+05,6.3955e+05,270.83,8806.8,10938,66692,1827.7,9.6989,0.036871
1.5273e+05,7.1932e+05,11227,1.4158e+05,6.5128e+05,277.76,9019.2,11150,68040,1873.4,9.6973,0.037188
1.5545e+05,7.3247e+05,11497,1.4408e+05,6.6307e+05,284.86,9235.4,11364,69398,1920.3,9.6956,0.037506
1.5819e+05,7.4568e+05,11772,1.4661e+05,6.7491e+05,292.13,9455.3,11580,70765,1968.3,9.6939,0.037823
1.6095e+05,7.5894e+05,12052,1.4915e+05,6.868e+05,299.56,9679,11798,72141,2017.4,9.6922,0.03814
1.6373e+05,7.7226e+05,12337,1.5171e+05,6.9873e+05,307.17,9906.6,12018,73526,2067.7,9.6904,0.038456
1.6653e+05,7.8562e+05,12628,1.5429e+05,7.107e+05,314.96,10138,12241,74918,2119.1,9.6885,0.038773
1.6934e+05,7.9902e+05,12924,1.5688e+05,7.2271e+05,322.92,10373,12465,76317,2171.8,9.6866,0.03909
1.7218e+05,8.1246e+05,13225,1.5949e+05,7.3474e+05,331.07,10613,12692,77722,2225.7,9.6847,0.039406
1.7503e+05,8.2592e+05,13532,1.6211e+05,7.4679e+05,339.41,10856,12920,79133,2280.9,9.6827,0.039722
1.779e+05,8.3941e+05,13844,1.6475e+05,7.5886e+05,347.93,11103,13151,80549,2337.3,9.6807,0.040038
1.8079e+05,8.5291e+05,14161,1.674e+05,7.7095e+05,356.65,11354,13384,81969,2395,9.6786,0.040353
1.8369e+05,8.6643e+05,14484,1.7007e+05,7.8304e+05,365.57,11609,13619,83393,2454.1,9.6765,0.040668
1.8661e+05,8.7995e+05,14812,1.7275e+05,7.9513e+05,374.68,11868,13856,84819,2514.4,9.6743,0.040982
1.8955e+05,8.9348e+05,15147,1.7545e+05,8.0723e+05,383.99,12131,14095,86247,2576.2,9.6721,0.041296
1.925e+05,9.0699e+05,15486,1.7816e+05,8.1932e+05,393.51,12398,14336,87676,2639.3,9.6698,0.04161
1.9547e+05,9.205e+05,15832,1.8089e+05,8.3139e+05,403.24,12669,14579,89105,2703.8,9.6675,0.041922
1.9846e+05,9.3399e+05,16183,1.8363e+05,8.4345e+05,413.18,12944,14824,90533,2769.7,9.6651,0.042235
2.0146e+05,9.4745e+05,16540,1.8639e+05,8.5549e+05,423.34,13224,15071,91960,2837.1,9.6626,0.042546
2.0448e+05,9.6089e+05,16902,1.8916e+05,8.675e+05,433.71,13507,15321,93385,2906,9.6601,0.042857
2.0751e+05,9.7429e+05,17271,1.9194e+05,8.7948e+05,444.31,13795,15572,94807,2976.4,9.6576,0.043167
2.1057e+05,9.8766e+05,17645,1.9474e+05,8.9143e+05,455.13,14087,15826,96225,3048.3,9.655,0.043476
2.1363e+05,1.001e+06,18026,1.9755e+05,9.0334e+05,466.18,14383,16082,97639,3121.8,9.6524,0.043784
2.1672e+05,1.0142e+06,18412,2.0038e+05,9.152e+05,477.46,14683,16340,99047,3196.8,9.6496,0.044092
2.1982e+05,1.0275e+06,18805,2.0322e+05,9.2701e+05,488.98,14988,16600,1.0045e+05,3273.4,9.6469,0.044398
2.2293e+05,1.0406e+06,19204,2.0607e+05,9.3877e+05,500.74,15296,16862,1.0184e+05,3351.6,9.6441,0.044704
2.2606e+05,1.0537e+06,19609,2.0894e+05,9.5047e+05,512.74,15609,17126,1.0323e+05,3431.5,9.6412,0.045009
2.2921e+05,1.0667e+06,20020,2.1182e+05,9.6211e+05,524.98,15927,17393,1.0461e+05,3513.1,9.6382,0.045312
2.3237e+05,1.0797e+06,20437,2.1471e+05,9.7368e+05,537.48,16248,17662,1.0597e+05,3596.3,9.6352,0.045615
2.3555e+05,1.0925e+06,20860,2.1762e+05,9.8518e+05,550.22,16574,17933,1.0733e+05,3681.3,9.6322,0.045916
2.3875e+05,1.1053e+06,21290,2.2054e+05,9.9661e+05,563.23,16904,18207,1.0868e+05,3768,9.629,0.046216
2.4196e+05,1.118e+06,21727,2.2348e+05,1.008e+06,576.49,17239,18483,1.1001e+05,3856.5,9.6259,0.046515
2.4519e+05,1.1306e+06,22170,2.2643e+05,1.0192e+06,590.01,17578,18761,1.1133e+05,3946.8,9.6226,0.046813
2.4844e+05,1.143e+06,22619,2.294e+05,1.0304e+06,603.81,17921,19042,1.1263e+05,4038.9,9.6193,0.04711
2.5171e+05,1.1554e+06,23075,2.3238e+05,1.0415e+06,617.87,18269,19325,1.1393e+05,4132.8,9.6159,0.047405
2.5499e+05,1.1677e+06,23537,2.3538e+05,1.0525e+06,632.21,18622,19610,1.152e+05,4228.7,9.6125,0.047699
2.5828e+05,1.1799e+06,24006,2.3839e+05,1.0634e+06,646.82,18978,19898,1.1646e+05,4326.4,9.609,0.047991
2.616e+05,1.1919e+06,24482,2.4141e+05,1.0742e+06,661.72,19340,20188,1.177e+05,4426.1,9.6054,0.048282
2.6493e+05,1.2038e+06,24965,2.4445e+05,1.0849e+06,676.9,19705,20481,1.1893e+05,4527.7,9.6018,0.048572
2.6828e+05,1.2156e+06,25454,2.4751e+05,1.0955e+06,692.37,20076,20777,1.2014e+05,4631.3,9.5981,0.04886
2.7165e+05,1.2273e+06,25950,2.5058e+05,1.106e+06,708.14,20451,21075,1.2132e+05,4736.9,9.5943,0.049147
2.7504e+05,1.2388e+06,26453,2.5366e+05,1.1163e+06,724.2,20830,21376,1.2249e+05,4844.6,9.5904,0.049433
2.7844e+05,1.2502e+06,26963,2.5676e+05,1.1266e+06,740.56,21214,21680,1.2364e+05,4954.3,9.5865,0.049716
2.8186e+05,1.2615e+06,27480,2.5988e+05,1.1367e+06,757.22,21603,21986,1.2476e+05,5066.1,9.5825,0.049998
2.8531e+05,1.2726e+06,28005,2.6301e+05,1.1468e+06,774.19,21996,22295,1.2587e+05,5180,9.5784,0.050279
2.8876e+05,1.2836e+06,28536,2.6616e+05,1.1566e+06,791.47,22394,22607,1.2695e+05,5296.1,9.5743,0.050558
2.9224e+05,1.2944e+06,29074,2.6932e+05,1.1664e+06,809.06,22797,22922,1.28e+05,5414.4,9.5701,0.050835
2.9574e+05,1.3051e+06,29620,2.725e+05,1.176e+06,826.98,23204,23239,1.2904e+05,5534.9,9.5658,0.051111
2.9926e+05,1.3156e+06,30173,2.757e+05,1.1855e+06,845.21,23616,23560,1.3005e+05,5657.6,9.5614,0.051385
3.0279e+05,1.3259e+06,30733,2.7891e+05,1.1949e+06,863.78,24033,23883,1.3103e+05,5782.6,9.557,0.051657
3.0635e+05,1.3361e+06,31301,2.8214e+05,1.2042e+06,882.67,24455,24210,1.3199e+05,5909.8,9.5524,0.051928
3.0992e+05,1.3462e+06,31876,2.8538e+05,1.2132e+06,901.9,24881,24539,1.3292e+05,6039.4,9.5478,0.052196
3.1351e+05,1.356e+06,32459,2.8864e+05,1.2222e+06,921.46,25313,24872,1.3383e+05,6171.4,9.5431,0.052463
3.1713e+05,1.3657e+06,33050,2.9192e+05,1.231e+06,941.37,25749,25207,1.3471e+05,6305.7,9.5384,0.052728
3.2076e+05,1.3752e+06,33648,2.9521e+05,1.2397e+06,961.62,26190,25546,1.3556e+05,6442.5,9.5335,0.052992
3.2441e+05,1.3846e+06,34253,2.9852e+05,1.2482e+06,982.22,26636,25888,1.3638e+05,6581.7,9.5285,0.053253
3.2808e+05,1.3938e+06,34867,3.0185e+05,1.2566e+06,1003.2,27087,26234,1.3718e+05,6723.3,9.5235,0.053513
3.3178e+05,1.4027e+06,35488,3.0519e+05,1.2648e+06,1024.5,27542,26582,1.3795e+05,6867.5,9.5184,0.05377
3.3549e+05,1.4116e+06,36117,3.0855e+05,1.2729e+06,1046.2,28003,26934,1.3868e+05,7014.2,9.5132,0.054026
3.3922e+05,1.4202e+06,36754,3.1193e+05,1.2808e+06,1068.2,28469,27289,1.3939e+05,7163.5,9.5079,0.05428
3.4297e+05,1.4286e+06,37399,3.1532e+05,1.2886e+06,1090.6,28940,27647,1.4007e+05,7315.4,9.5025,0.054532
3.4674e+05,1.4369e+06,38052,3.1873e+05,1.2962e+06,1113.4,29415,28009,1.4072e+05,7469.9,9.497,0.054782
3.5054e+05,1.4449e+06,38713,3.2216e+05,1.3036e+06,1136.5,29896,28374,1.4134e+05,7627.1,9.4914,0.05503
3.5435e+05,1.4528e+06,39383,3.256e+05,1.3109e+06,1160.1,30382,28743,1.4192e+05,7787,9.4857,0.055276
3.5818e+05,1.4605e+06,40060,3.2906e+05,1.318e+06,1184,30873,29116,1.4248e+05,7949.6,9.4799,0.05552
3.6203e+05,1.468e+06,40746,3.3254e+05,1.325e+06,1208.3,31370,29491,1.4301e+05,8115,9.4741,0.055762
3.659e+05,1.4753e+06,41440,3.3603e+05,1.3318e+06,1233,31871,29871,1.435e+05,8283.1,9.4681,0.056003
3.6979e+05,1.4824e+06,42143,3.3954e+05,1.3384e+06,1258.1,32378,30254,1.4396e+05,8454.1,9.462,0.056241
3.7371e+05,1.4893e+06,42854,3.4307e+05,1.3449e+06,1283.6,32890,30640,1.4439e+05,8628,9.4558,0.056477
3.7764e+05,1.496e+06,43574,3.4661e+05,1.3512e+06,1309.6,33407,31030,1.4479e+05,8804.7,9.4495,0.056711
3.8159e+05,1.5025e+06,44302,3.5016e+05,1.3573e+06,1335.9,33929,31424,1.4516e+05,8984.4,9.4431,0.056943
3.8556e+05,1.5087e+06,45039,3.5374e+05,1.3632e+06,1362.6,34456,31822,1.455e+05,9167.1,9.4366,0.057173
3.8955e+05,1.5148e+06,45785,3.5733e+05,1.369e+06,1389.8,34989,32223,1.458e+05,9352.7,9.43,0.057401
3.9356e+05,1.5207e+06,46539,3.6093e+05,1.3746e+06,1417.4,35528,32628,1.4608e+05,9541.4,9.4232,0.057627
3.9758e+05,1.5264e+06,47302,3.6455e+05,1.3801e+06,1445.4,36071,33037,1.4632e+05,9733.1,9.4164,0.057851
4.0163e+05,1.5319e+06,48075,3.6818e+05,1.3853e+06,1473.8,36620,33449,1.4653e+05,9928,9.4094,0.058073
4.057e+05,1.5371e+06,48856,3.7183e+05,1.3904e+06,1502.7,37174,33866,1.4671e+05,10126,9.4023,0.058292
4.0978e+05,1.5422e+06,49646,3.7549e+05,1.3954e+06,1532,37734,34286,1.4685e+05,10327,9.3951,0.05851
4.1388e+05,1.5471e+06,50445,3.7917e+05,1.4001e+06,1561.7,38299,34710,1.4697e+05,10531,9.3878,0.058726
4.18e+05,1.5517e+06,51253,3.8286e+05,1.4047e+06,1591.9,38870,35138,1.4705e+05,10739,9.3803,0.058939
4.2214e+05,1.5561e+06,52071,3.8657e+05,1.409e+06,1622.6,39446,35570,1.471e+05,10950,9.3727,0.059151
4.263e+05,1.5604e+06,52898,3.9029e+05,1.4132e+06,1653.7,40028,36006,1.4712e+05,11164,9.365,0.05936
4.3047e+05,1.5644e+06,53734,3.9402e+05,1.4173e+06,1685.2,40615,36446,1.4711e+05,11382,9.3572,0.059568
4.3466e+05,1.5682e+06,54580,3.9777e+05,1.4211e+06,1717.2,41207,36889,1.4707e+05,11603,9.3492,0.059773
4.3886e+05,1.5718e+06,55435,4.0153e+05,1.4248e+06,1749.7,41806,37337,1.47e+05,11827,9.3411,0.059976
4.4309e+05,1.5752e+06,56299,4.053e+05,1.4283e+06,1782.7,42409,37788,1.469e+05,12055,9.3329,0.060178
4.4733e+05,1.5783e+06,57173,4.0908e+05,1.4316e+06,1816.1,43019,38244,1.4676e+05,12286,9.3245,0.060377
4.5158e+05,1.5813e+06,58057,4.1288e+05,1.4347e+06,1850.1,43634,38703,1.466e+05,12521,9.3159,0.060574
4.5585e+05,1.584e+06,58950,4.1668e+05,1.4376e+06,1884.5,44254,39167,1.4641e+05,12759,9.3073,0.060769
4.6014e+05,1.5866e+06,59853,4.205e+05,1.4404e+06,1919.4,44881,39634,1.4619e+05,13001,9.2984,0.060962
4.6444e+05,1.5889e+06,60766,4.2433e+05,1.443e+06,1954.7,45512,40106,1.4594e+05,13247,9.2895,0.061153
4.6875e+05,1.591e+06,61689,4.2817e+05,1.4454e+06,1990.6,46150,40581,1.4566e+05,13496,9.2803,0.061342
4.7308e+05,1.5929e+06,62622,4.3202e+05,1.4476e+06,2027,46793,41061,1.4535e+05,13749,9.2711,0.061529
4.7742e+05,1.5947e+06,63564,4.3588e+05,1.4496e+06,2063.9,47442,41544,1.4501e+05,14006,9.2616,0.061714
4.8178e+05,1.5961e+06,64517,4.3975e+05,1.4515e+06,2101.3,48097,42032,1.4465e+05,14267,9.2521,0.061896
4.8615e+05,1.5974e+06,65480,4.4363e+05,1.4532e+06,2139.2,48757,42523,1.4426e+05,14531,9.2423,0.062077
4.9053e+05,1.5985e+06,66453,4.4751e+05,1.4547e+06,2177.6,49423,43019,1.4384e+05,14800,9.2324,0.062256
4.9493e+05,1.5994e+06,67436,4.5141e+05,1.456e+06,2216.6,50095,43518,1.434e+05,15072,9.2223,0.062433
4.9933e+05,1.6001e+06,68429,4.5531e+05,1.4571e+06,2256.1,50773,44022,1.4293e+05,15348,9.2121,0.062608
5.0375e+05,1.6005e+06,69432,4.5922e+05,1.4581e+06,2296.1,51456,44529,1.4244e+05,15629,9.2016,0.062781
5.0818e+05,1.6008e+06,70446,4.6314e+05,1.4589e+06,2336.6,52145,45041,1.4192e+05,15913,9.191,0.062952
5.1262e+05,1.6008e+06,71471,4.6706e+05,1.4595e+06,2377.7,52840,45557,1.4138e+05,16201,9.1803,0.063121
5.1707e+05,1.6007e+06,72505,4.7099e+05,1.4599e+06,2419.3,53541,46076,1.4081e+05,16494,9.1693,0.063288
5.2153e+05,1.6004e+06,73551,4.7493e+05,1.4601e+06,2461.4,54247,46600,1.4022e+05,16790,9.1582,0.063453
5.26e+05,1.5998e+06,74607,4.7887e+05,1.4602e+06,2504.1,54960,47128,1.396e+05,17091,9.1469,0.063616
5.3047e+05,1.5991e+06,75673,4.8282e+05,1.4601e+06,2547.4,55678,47659,1.3896e+05,17396,9.1354,0.063777
5.3496e+05,1.5981e+06,76750,4.8677e+05,1.4598e+06,2591.2,56402,48195,1.3831e+05,17706,9.1237,0.063936
5.3946e+05,1.597e+06,77838,4.9072e+05,1.4594e+06,2635.6,57131,48734,1.3763e+05,18020,9.1118,0.064094
5.4396e+05,1.5957e+06,78936,4.9468e+05,1.4588e+06,2680.6,57867,49278,1.3693e+05,18338,9.0997,0.064249
5.4847e+05,1.5942e+06,80046,4.9864e+05,1.458e+06,2726.1,58608,49825,1.362e+05,18660,9.0874,0.064403
5.5298e+05,1.5925e+06,81166,5.0261e+05,1.4571e+06,2772.2,59356,50377,1.3546e+05,18987,9.075,0.064555
5.575e+05,1.5907e+06,82297,5.0657e+05,1.4559e+06,2818.8,60109,50932,1.347e+05,19318,9.0623,0.064705
5.6203e+05,1.5886e+06,83439,5.1054e+05,1.4547e+06,2866.1,60868,51491,1.3392e+05,19654,9.0494,0.064853
5.6657e+05,1.5864e+06,84592,5.1451e+05,1.4532e+06,2913.9,61632,52054,1.3313e+05,19995,9.0363,0.064999
5.711e+05,1.5839e+06,85756,5.1848e+05,1.4516e+06,2962.3,62403,52621,1.3231e+05,20340,9.023,0.065143
5.7565e+05,1.5813e+06,86931,5.2246e+05,1.4499e+06,3011.3,63179,53192,1.3148e+05,20690,9.0094,0.065286
5.802e+05,1.5786e+06,88117,5.2643e+05,1.4479e+06,3060.9,63962,53767,1.3064e+05,21044,8.9957,0.065427
5.8475e+05,1.5756e+06,89315,5.304e+05,1.4459e+06,3111.1,64750,54345,1.2977e+05,21403,8.9817,0.065566
5.893e+05,1.5725e+06,90523,5.3437e+05,1.4436e+06,3161.9,65544,54927,1.289e+05,21767,8.9676,0.065704
5.9386e+05,1.5693e+06,91743,5.3834e+05,1.4413e+06,3213.3,66343,55513,1.28e+05,22136,8.9532,0.065839
5.9842e+05,1.5658e+06,92974,5.4231e+05,1.4387e+06,3265.3,67149,56103,1.271e+05,22510,8.9385,0.065973
6.0298e+05,1.5622e+06,94217,5.4628e+05,1.4361e+06,3317.9,67960,56697,1.2618e+05,22888,8.9236,0.066105
6.0754e+05,1.5585e+06,95471,5.5025e+05,1.4332e+06,3371.2,68777,57294,1.2525e+05,23272,8.9085,0.066236
6.121e+05,1.5546e+06,96736,5.5421e+05,1.4303e+06,3425,69600,57895,1.243e+05,23660,8.8932,0.066365
6.1667e+05,1.5505e+06,98012,5.5817e+05,1.4272e+06,3479.5,70429,58500,1.2335e+05,24054,8.8776,0.066492
6.2123e+05,1.5463e+06,99301,5.6212e+05,1.4239e+06,3534.6,71263,59108,1.2238e+05,24452,8.8618,0.066617
6.2579e+05,1.542e+06,1.006e+05,5.6607e+05,1.4205e+06,3590.3,72104,59720,1.2141e+05,24856,8.8458,0.066741
6.3036e+05,1.5375e+06,1.0191e+05,5.7002e+05,1.417e+06,3646.7,72950,60336,1.2042e+05,25265,8.8295,0.066863
6.3492e+05,1.5328e+06,1.0323e+05,5.7396e+05,1.4134e+06,3703.7,73801,60955,1.1943e+05,25679,8.8129,0.066984
6.3948e+05,1.5281e+06,1.0457e+05,5.779e+05,1.4096e+06,3761.3,74659,61577,1.1843e+05,26098,8.7961,0.067103
6.4404e+05,1.5231e+06,1.0591e+05,5.8183e+05,1.4057e+06,3819.6,75522,62204,1.1742e+05,26523,8.7791,0.06722
6.4859e+05,1.5181e+06,1.0727e+05,5.8576e+05,1.4017e+06,3878.5,76391,62833,1.164e+05,26953,8.7618,0.067336
6.5315e+05,1.513e+06,1.0864e+05,5.8968e+05,1.3976e+06,3938.1,77266,63466,1.1537e+05,27388,8.7442,0.06745
6.5769e+05,1.5077e+06,1.1002e+05,5.9359e+05,1.3933e+06,3998.3,78146,64103,1.1434e+05,27829,8.7264,0.067563
6.6224e+05,1.5023e+06,1.1142e+05,5.975e+05,1.389e+06,4059.2,79032,64743,1.1331e+05,28275,8.7083,0.067674
6.6678e+05,1.4967e+06,1.1282e+05,6.014e+05,1.3845e+06,4120.7,79924,65387,1.1227e+05,28727,8.6899,0.067784
6.7132e+05,1.4911e+06,1.1424e+05,6.0529e+05,1.3799e+06,4182.9,80821,66033,1.1122e+05,29184,8.6713,0.067892
6.7585e+05,1.4854e+06,1.1567e+05,6.0917e+05,1.3752e+06,4245.7,81724,66683,1.1018e+05,29647,8.6525,0.067999
6.8038e+05,1.4795e+06,1.1711e+05,6.1304e+05,1.3704e+06,4309.2,82632,67337,1.0912e+05,30115,8.6333,0.068104
6.849e+05,1.4736e+06,1.1856e+05,6.1691e+05,1.3655e+06,4373.4,83546,67993,1.0807e+05,30589,8.6139,0.068208
6.8941e+05,1.4675e+06,1.2002e+05,6.2076e+05,1.3605e+06,4438.3,84466,68653,1.0701e+05,31069,8.5942,0.06831
6.9392e+05,1.4614e+06,1.215e+05,6.2461e+05,1.3554e+06,4503.8,85391,69316,1.0596e+05,31555,8.5743,0.068411
6.9842e+05,1.4551e+06,1.2299e+05,6.2844e+05,1.3502e+06,4570,86322,69983,1.049e+05,32046,8.554,0.068511
7.0292e+05,1.4488e+06,1.2449e+05,6.3227e+05,1.345e+06,4636.8,87258,70652,1.0384e+05,32544,8.5335,0.068609
7.0741e+05,1.4424e+06,1.26e+05,6.3608e+05,1.3396e+06,4704.3,88200,71324,1.0278e+05,33047,8.5127,0.068706
7.1189e+05,1.4359e+06,1.2752e+05,6.3989e+05,1.3342e+06,4772.6,89147,72000,1.0172e+05,33556,8.4917,0.068801
7.1636e+05,1.4293e+06,1.2906e+05,6.4368e+05,1.3287e+06,4841.5,90099,72678,1.0066e+05,34071,8.4703,0.068895
7.2082e+05,1.4227e+06,1.3061e+05,6.4746e+05,1.3231e+06,4911,91057,73360,99600,34592,8.4487,0.068988
7.2527e+05,1.4159e+06,1.3217e+05,6.5123e+05,1.3174e+06,4981.3,92021,74044,98544,35119,8.4268,0.069079
7.2972e+05,1.4092e+06,1.3374e+05,6.5498e+05,1.3117e+06,5052.3,92989,74732,97490,35653,8.4046,0.069169
7.3415e+05,1.4023e+06,1.3533e+05,6.5873e+05,1.3059e+06,5123.9,93963,75422,96439,36192,8.3822,0.069258
7.3857e+05,1.3954e+06,1.3693e+05,6.6246e+05,1.3e+06,5196.2,94943,76115,95390,36738,8.3594,0.069346
7.4299e+05,1.3884e+06,1.3854e+05,6.6618e+05,1.2941e+06,5269.2,95927,76811,94345,37290,8.3364,0.069432
7.4739e+05,1.3814e+06,1.4016e+05,6.6988e+05,1.2881e+06,5343,96917,77509,93304,37848,8.3131,0.069517
7.5178e+05,1.3743e+06,1.4179e+05,6.7357e+05,1.282e+06,5417.4,97912,78211,92266,38412,8.2895,0.069601
7.5616e+05,1.3672e+06,1.4344e+05,6.7725e+05,1.2759e+06,5492.5,98913,78915,91233,38983,8.2656,0.069684
7.6053e+05,1.36e+06,1.451e+05,6.8091e+05,1.2698e+06,5568.3,99918,79621,90205,39560,8.2415,0.069765
7.6489e+05,1.3528e+06,1.4677e+05,6.8456e+05,1.2636e+06,5644.8,1.0093e+05,80331,89182,40144,8.217,0.069846
7.6924e+05,1.3455e+06,1.4845e+05,6.8819e+05,1.2573e+06,5722,1.0194e+05,81043,88164,40734,8.1923,0.069925
7.7357e+05,1.3382e+06,1.5014e+05,6.9181e+05,1.2511e+06,5799.9,1.0296e+05,81757,87152,41331,8.1673,0.070003
7.7789e+05,1.3309e+06,1.5185e+05,6.9542e+05,1.2447e+06,5878.5,1.0399e+05,82474,86147,41934,8.142,0.07008
7.822e+05,1.3235e+06,1.5357e+05,6.99e+05,1.2384e+06,5957.8,1.0502e+05,83193,85147,42544,8.1165,0.070155
7.8649e+05,1.3161e+06,1.553e+05,7.0258e+05,1.232e+06,6037.8,1.0606e+05,83915,84154,43160,8.0906,0.07023
7.9077e+05,1.3087e+06,1.5705e+05,7.0613e+05,1.2256e+06,6118.5,1.071e+05,84639,83168,43784,8.0645,0.070304
7.9504e+05,1.3013e+06,1.5881e+05,7.0967e+05,1.2191e+06,6199.9,1.0814e+05,85365,82189,44414,8.0381,0.070376
7.9929e+05,1.2938e+06,1.6057e+05,7.132e+05,1.2126e+06,6282,1.0919e+05,86094,81217,45050,8.0114,0.070447
8.0353e+05,1.2864e+06,1.6236e+05,7.167e+05,1.2061e+06,6364.8,1.1025e+05,86825,80253,45694,7.9845,0.070518
8.0775e+05,1.2789e+06,1.6415e+05,7.2019e+05,1.1996e+06,6448.3,1.1131e+05,87558,79296,46344,7.9573,0.070587
8.1196e+05,1.2714e+06,1.6596e+05,7.2367e+05,1.193e+06,6532.6,1.1237e+05,88293,78348,47001,7.9298,0.070655
8.1615e+05,1.2639e+06,1.6778e+05,7.2712e+05,1.1865e+06,6617.5,1.1344e+05,89030,77408,47666,7.9021,0.070722
8.2033e+05,1.2564e+06,1.6961e+05,7.3056e+05,1.1799e+06,6703.1,1.1452e+05,89769,76476,48337,7.8741,0.070788
8.2449e+05,1.2489e+06,1.7145e+05,7.3398e+05,1.1733e+06,6789.5,1.156e+05,90511,75552,49015,7.8458,0.070854
8.2864e+05,1.2414e+06,1.7331e+05,7.3739e+05,1.1667e+06,6876.5,1.1668e+05,91254,74637,49700,7.8173,0.070918
8.3277e+05,1.2338e+06,1.7517e+05,7.4077e+05,1.1601e+06,6964.3,1.1777e+05,91999,73731,50393,7.7885,0.070981
8.3689e+05,1.2263e+06,1.7705e+05,7.4414e+05,1.1535e+06,7052.7,1.1886e+05,92746,72834,51092,7.7594,0.071044
8.4099e+05,1.2188e+06,1.7895e+05,7.4749e+05,1.1469e+06,7141.9,1.1996e+05,93495,71946,51799,7.7301,0.071105
8.4507e+05,1.2113e+06,1.8085e+05,7.5082e+05,1.1403e+06,7231.7,1.2106e+05,94246,71067,52513,7.7006,0.071165
8.4914e+05,1.2038e+06,1.8277e+05,7.5414e+05,1.1336e+06,7322.3,1.2217e+05,94998,70197,53234,7.6708,0.071225
8.5319e+05,1.1964e+06,1.847e+05,7.5743e+05,1.127e+06,7413.5,1.2328e+05,95752,69336,53962,7.6408,0.071284
8.5722e+05,1.1889e+06,1.8664e+05,7.6071e+05,1.1204e+06,7505.5,1.2439e+05,96508,68485,54698,7.6105,0.071341
8.6123e+05,1.1815e+06,1.886e+05,7.6397e+05,1.1138e+06,7598.1,1.2551e+05,97265,67644,55441,7.58,0.071398
8.6523e+05,1.174e+06,1.9056e+05,7.6721e+05,1.1072e+06,7691.5,1.2663e+05,98024,66812,56192,7.5493,0.071454
8.6921e+05,1.1666e+06,1.9254e+05,7.7042e+05,1.1006e+06,7785.5,1.2776e+05,98785,65989,56950,7.5183,0.071509
8.7317e+05,1.1592e+06,1.9454e+05,7.7363e+05,1.0941e+06,7880.3,1.2889e+05,99547,65176,57715,7.4871,0.071564
8.7712e+05,1.1519e+06,1.9654e+05,7.7681e+05,1.0875e+06,7975.7,1.3003e+05,1.0031e+05,64373,58488,7.4557,0.071617
8.8104e+05,1.1445e+06,1.9856e+05,7.7997e+05,1.0809e+06,8071.8,1.3117e+05,1.0107e+05,63580,59269,7.4241,0.07167
8.8495e+05,1.1372e+06,2.0058e+05,7.8311e+05,1.0744e+06,8168.6,1.3231e+05,1.0184e+05,62796,60057,7.3923,0.071722
8.8884e+05,1.1299e+06,2.0262e+05,7.8623e+05,1.0679e+06,8266.1,1.3346e+05,1.0261e+05,62022,60853,7.3602,0.071773
8.9271e+05,1.1227e+06,2.0468e+05,7.8934e+05,1.0614e+06,8364.3,1.3461e+05,1.0338e+05,61258,61656,7.328,0.071823
8.9657e+05,1.1154e+06,2.0674e+05,7.9242e+05,1.0549e+06,8463.1,1.3577e+05,1.0415e+05,60504,62467,7.2956,0.071872
9.004e+05,1.1082e+06,2.0882e+05,7.9548e+05,1.0485e+06,8562.7,1.3693e+05,1.0492e+05,59759,63286,7.2629,0.071921
9.0422e+05,1.1011e+06,2.1091e+05,7.9853e+05,1.042e+06,8662.9,1.3809e+05,1.0569e+05,59025,64112,7.2301,0.071969
9.0802e+05,1.0939e+06,2.1301e+05,8.0155e+05,1.0356e+06,8763.8,1.3926e+05,1.0646e+05,58300,64947,7.1971,0.072016
9.1179e+05,1.0868e+06,2.1513e+05,8.0456e+05,1.0293e+06,8865.3,1.4043e+05,1.0724e+05,57584,65789,7.1639,0.072063
9.1555e+05,1.0798e+06,2.1725e+05,8.0754e+05,1.0229e+06,8967.6,1.416e+05,1.0801e+05,56878,66639,7.1306,0.072109
9.1929e+05,1.0728e+06,2.1939e+05,8.1051e+05,1.0166e+06,9070.5,1.4278e+05,1.0879e+05,56182,67497,7.0971,0.072154
9.2301e+05,1.0658e+06,2.2154e+05,8.1345e+05,1.0103e+06,9174,1.4396e+05,1.0956e+05,55496,68363,7.0634,0.072198
9.2672e+05,1.0588e+06,2.2371e+05,8.1637e+05,1.004e+06,9278.2,1.4514e+05,1.1034e+05,54819,69237,7.0296,0.072242
9.304e+05,1.0519e+06,2.2588e+05,8.1928e+05,9.9776e+05,9383.1,1.4633e+05,1.1112e+05,54152,70119,6.9956,0.072285
9.3406e+05,1.0451e+06,2.2807e+05,8.2216e+05,9.9156e+05,9488.6,1.4752e+05,1.119e+05,53494,71009,6.9615,0.072327
9.3771e+05,1.0382e+06,2.3027e+05,8.2503e+05,9.8539e+05,9594.8,1.4872e+05,1.1268e+05,52845,71907,6.9272,0.072369
9.4133e+05,1.0315e+06,2.3248e+05,8.2787e+05,9.7925e+05,9701.6,1.4992e+05,1.1346e+05,52206,72813,6.8928,0.07241
9.4493e+05,1.0247e+06,2.347e+05,8.3069e+05,9.7314e+05,9809.1,1.5112e+05,1.1424e+05,51576,73727,6.8583,0.07245
9.4852e+05,1.018e+06,2.3694e+05,8.335e+05,9.6707e+05,9917.2,1.5232e+05,1.1502e+05,50955,74649,6.8237,0.07249
9.5208e+05,1.0114e+06,2.3919e+05,8.3628e+05,9.6104e+05,10026,1.5353e+05,1.158e+05,50344,75580,6.7889,0.072529
9.5563e+05,1.0048e+06,2.4144e+05,8.3904e+05,9.5504e+05,10135,1.5474e+05,1.1659e+05,49741,76518,6.7541,0.072567
9.5915e+05,9.9823e+05,2.4372e+05,8.4178e+05,9.4908e+05,10245,1.5596e+05,1.1737e+05,49148,77465,6.7191,0.072605
9.6266e+05,9.9172e+05,2.46e+05,8.4451e+05,9.4316e+05,10356,1.5718e+05,1.1815e+05,48563,78420,6.684,0.072643
9.6614e+05,9.8526e+05,2.4829e+05,8.4721e+05,9.3727e+05,10467,1.584e+05,1.1894e+05,47987,79384,6.6489,0.072679
9.6961e+05,9.7885e+05,2.506e+05,8.4989e+05,9.3143e+05,10579,1.5962e+05,1.1972e+05,47420,80356,6.6136,0.072715
9.7306e+05,9.7248e+05,2.5292e+05,8.5255e+05,9.2562e+05,10691,1.6085e+05,1.205e+05,46862,81336,6.5783,0.072751
9.7648e+05,9.6617e+05,2.5525e+05,8.5519e+05,9.1985e+05,10804,1.6207e+05,1.2129e+05,46312,82325,6.5429,0.072786
9.7989e+05,9.599e+05,2.5759e+05,8.5781e+05,9.1413e+05,10918,1.6331e+05,1.2207e+05,45771,83322,6.5074,0.07282
9.8327e+05,9.5368e+05,2.5995e+05,8.6041e+05,9.0844e+05,11032,1.6454e+05,1.2286e+05,45238,84327,6.4719,0.072854
9.8664e+05,9.4751e+05,2.6231e+05,8.6299e+05,9.028e+05,11147,1.6578e+05,1.2364e+05,44713,85341,6.4363,0.072888
9.8998e+05,9.414e+05,2.6469e+05,8.6556e+05,8.972e+05,11263,1.6702e+05,1.2443e+05,44197,86363,6.4007,0.07292
9.9331e+05,9.3533e+05,2.6708e+05,8.681e+05,8.9164e+05,11379,1.6826e+05,1.2521e+05,43688,87394,6.365,0.072953
9.9661e+05,9.2931e+05,2.6948e+05,8.7062e+05,8.8612e+05,11495,1.695e+05,1.26e+05,43188,88434,6.3293,0.072984
9.999e+05,9.2334e+05,2.7189e+05,8.7312e+05,8.8065e+05,11612,1.7075e+05,1.2678e+05,42696,89482,6.2936,0.073016
1.0032e+06,9.1743e+05,2.7431e+05,8.756e+05,8.7522e+05,11730,1.72e+05,1.2757e+05,42211,90538,6.2578,0.073046
1.0064e+06,9.1156e+05,2.7675e+05,8.7806e+05,8.6983e+05,11848,1.7325e+05,1.2835e+05,41734,91604,6.222,0.073077
1.0096e+06,9.0575e+05,2.7919e+05,8.805e+05,8.6448e+05,11967,1.745e+05,1.2913e+05,41265,92678,6.1862,0.073107
1.0128e+06,8.9998e+05,2.8165e+05,8.8292e+05,8.5918e+05,12086,1.7576e+05,1.2992e+05,40803,93760,6.1504,0.073136
1.016e+06,8.9427e+05,2.8412e+05,8.8532e+05,8.5392e+05,12206,1.7702e+05,1.307e+05,40349,94851,6.1146,0.073165
1.0192e+06,8.8861e+05,2.866e+05,8.877e+05,8.4871e+05,12326,1.7828e+05,1.3148e+05,39902,95951,6.0788,0.073193
1.0223e+06,8.83e+05,2.8909e+05,8.9007e+05,8.4353e+05,12447,1.7954e+05,1.3227e+05,39462,97060,6.043,0.073221
1.0255e+06,8.7743e+05,2.916e+05,8.9241e+05,8.3841e+05,12569,1.8081e+05,1.3305e+05,39029,98177,6.0072,0.073249
1.0286e+06,8.7193e+05,2.9411e+05,8.9473e+05,8.3332e+05,12690,1.8207e+05,1.3383e+05,38603,99303,5.9715,0.073276
1.0316e+06,8.6647e+05,2.9664e+05,8.9704e+05,8.2828e+05,12813,1.8334e+05,1.3461e+05,38184,1.0044e+05,5.9358,0.073302
1.0347e+06,8.6106e+05,2.9917e+05,8.9932e+05,8.2329e+05,12936,1.8461e+05,1.3539e+05,37772,1.0158e+05,5.9001,0.073328
1.0378e+06,8.557e+05,3.0172e+05,9.0159e+05,8.1833e+05,13059,1.8588e+05,1.3617e+05,37367,1.0273e+05,5.8644,0.073354
