1027,252,128,18,252,24,1,1008,0,510,0.0001,0.0023
1062.4,551.56,130.01,357.36,548.99,23.985,2.5457,704.32,2.5715,508.79,6.7968,0.002338
1098.9,851.74,132.14,597.15,844.78,23.985,4.1401,501.32,6.96,507.88,7.6318,0.0023767
1136.7,1152.9,134.38,770.72,1139.8,23.991,5.7851,365.72,13.09,507.1,8.1095,0.002416
1175.9,1455.3,136.69,900.06,1434.4,24.002,7.4824,275.59,20.905,506.41,8.4185,0.0024559
1216.3,1759.4,139.09,1000.1,1729,24.016,9.234,216.1,30.351,505.77,8.6347,0.0024964
1258.2,2065.4,141.57,1081,2024.1,24.033,11.042,177.11,41.366,505.18,8.7944,0.0025376
1301.4,2373.9,144.12,1149.3,2320,24.053,12.908,152.11,53.922,504.62,8.9172,0.0025795
1346.2,2685,146.76,1209.8,2617,24.074,14.834,136.4,67.957,504.1,9.0145,0.002622
1392.5,2999.2,149.48,1265.5,2915.7,24.099,16.822,127,83.433,503.62,9.0935,0.0026652
1440.4,3316.7,152.29,1318.5,3216.4,24.125,18.874,121.86,100.3,503.16,9.1589,0.002709
1489.9,3638,155.19,1370.2,3519.5,24.153,20.993,119.65,118.53,502.73,9.2139,0.0027536
1541.1,3963.4,158.17,1421.6,3825.3,24.184,23.18,119.47,138.11,502.33,9.2608,0.0027989
1594.1,4293.3,161.25,1473.4,4134.3,24.217,25.439,120.69,159.01,501.96,9.3013,0.0028448
1648.8,4628.1,164.43,1525.9,4446.9,24.252,27.771,122.9,181.22,501.62,9.3366,0.0028916
1705.5,4968.2,167.7,1579.7,4763.5,24.289,30.18,125.82,204.69,501.31,9.3676,0.002939
1764.1,5313.9,171.08,1634.8,5084.4,24.329,32.667,129.27,229.42,501.02,9.395,0.0029872
1824.6,5665.6,174.57,1691.5,5410.2,24.37,35.235,133.12,255.4,500.76,9.4195,0.0030361
1887.3,6023.6,178.16,1750,5741,24.414,37.888,137.29,282.61,500.53,9.4415,0.0030859
1952,6388.6,181.87,1810.3,6077.5,24.461,40.628,141.74,311.05,500.33,9.4613,0.0031364
2019,6760.7,185.69,1872.6,6420,24.51,43.457,146.43,340.71,500.15,9.4793,0.0031876
2088.3,7140.5,189.63,1936.9,6768.9,24.561,46.38,151.34,371.61,500.01,9.4956,0.0032397
2159.9,7528.3,193.7,2003.4,7124.6,24.615,49.399,156.45,403.73,499.9,9.5106,0.0032926
2233.9,7924.7,197.9,2072.2,7487.7,24.672,52.519,161.76,437.08,499.82,9.5243,0.0033464
2310.5,8330,202.23,2143.2,7858.4,24.731,55.74,167.28,471.67,499.77,9.5369,0.0034009
2389.7,8744.7,206.7,2216.7,8237.2,24.793,59.069,172.99,507.5,499.75,9.5486,0.0034563
2471.5,9169.3,211.31,2292.6,8624.7,24.858,62.507,178.91,544.58,499.77,9.5594,0.0035126
2556.1,9604.1,216.06,2371.1,9021.2,24.926,66.059,185.03,582.94,499.82,9.5694,0.0035697
2643.7,10050,220.97,2452.3,9427.4,24.997,69.731,191.36,622.61,499.9,9.5788,0.0036277
2734.2,10507,226.04,2536.3,9843.6,25.071,73.525,197.92,663.6,500.02,9.5875,0.0036867
2827.8,10976,231.27,2623.1,10270,25.148,77.444,204.7,705.91,500.18,9.5956,0.0037465
2924.5,11458,236.66,2712.8,10708,25.229,81.494,211.71,749.57,500.37,9.6033,0.0038073
3024.5,11952,242.23,2805.6,11157,25.313,85.679,218.96,794.62,500.61,9.6104,0.0038689
3127.9,12460,247.98,2901.5,11618,25.4,90.002,226.45,841.08,500.88,9.6172,0.0039316
3234.8,12981,253.91,3000.6,12092,25.491,94.47,234.2,888.98,501.2,9.6235,0.0039951
3345.3,13517,260.04,3103.1,12579,25.586,99.086,242.21,938.35,501.55,9.6295,0.0040597
3459.5,14069,266.36,3209,13079,25.685,103.86,250.49,989.23,501.95,9.6352,0.0041252
3577.5,14636,272.88,3318.5,13594,25.787,108.79,259.06,1041.7,502.4,9.6405,0.0041918
3699.6,15219,279.62,3431.7,14123,25.894,113.88,267.91,1095.7,502.89,9.6456,0.0042593
3825.7,15819,286.57,3548.6,14668,26.005,119.14,277.05,1151.3,503.42,9.6504,0.0043279
3956,16437,293.75,3669.5,15229,26.12,124.58,286.51,1208.7,504.01,9.6549,0.0043975
4090.7,17074,301.16,3794.4,15806,26.24,130.2,296.29,1267.7,504.64,9.6592,0.0044681
4229.9,17729,308.81,3923.6,16400,26.364,136.01,306.39,1328.6,505.33,9.6634,0.0045398
4373.8,18404,316.71,4057,17013,26.493,142.01,316.83,1391.2,506.07,9.6673,0.0046126
4522.5,19099,324.86,4194.9,17644,26.627,148.21,327.63,1455.8,506.86,9.671,0.0046865
4676.2,19816,333.28,4337.4,18294,26.766,154.62,338.78,1522.3,507.72,9.6746,0.0047614
4834.9,20554,341.97,4484.6,18964,26.91,161.24,350.31,1590.8,508.62,9.678,0.0048375
4999,21315,350.95,4636.7,19654,27.059,168.09,362.22,1661.3,509.59,9.6812,0.0049147
5168.4,22100,360.22,4793.9,20366,27.215,175.16,374.53,1734,510.62,9.6843,0.0049931
5343.6,22909,369.79,4956.3,21100,27.375,182.47,387.25,1808.8,511.71,9.6873,0.0050726
5524.5,23743,379.67,5124.1,21857,27.542,190.02,400.4,1886,512.87,9.6901,0.0051533
5711.4,24603,389.87,5297.4,22638,27.715,197.82,413.98,1965.4,514.09,9.6928,0.0052352
5904.4,25490,400.41,5476.4,23443,27.894,205.88,428.01,2047.3,515.39,9.6954,0.0053183
6103.9,26405,411.29,5661.3,24274,28.08,214.22,442.51,2131.7,516.76,9.6979,0.0054026
6309.9,27349,422.52,5852.4,25131,28.272,222.83,457.49,2218.6,518.19,9.7003,0.0054881
6522.6,28323,434.13,6049.6,26015,28.472,231.72,472.96,2308.2,519.71,9.7026,0.0055749
6742.3,29327,446.11,6253.4,26927,28.678,240.91,488.95,2400.5,521.3,9.7048,0.0056629
6969.3,30363,458.48,6463.8,27868,28.892,250.41,505.46,2495.7,522.98,9.7069,0.0057522
7203.6,31432,471.25,6681.1,28839,29.114,260.22,522.51,2593.8,524.74,9.7089,0.0058428
7445.6,32535,484.44,6905.5,29840,29.343,270.36,540.12,2694.8,526.58,9.7108,0.0059347
7695.5,33673,498.06,7137.1,30874,29.581,280.84,558.31,2799.1,528.52,9.7127,0.006028
7953.4,34847,512.13,7376.3,31941,29.826,291.66,577.1,2906.5,530.54,9.7145,0.0061225
8219.7,36059,526.66,7623.2,33042,30.081,302.84,596.5,3017.2,532.66,9.7162,0.0062184
8494.7,37309,541.66,7878.1,34178,30.345,314.39,616.53,3131.4,534.88,9.7178,0.0063157
8778.5,38599,557.14,8141.2,35350,30.617,326.33,637.21,3249.1,537.19,9.7194,0.0064144
9071.4,39930,573.14,8412.8,36559,30.899,338.66,658.56,3370.5,539.61,9.7209,0.0065144
9373.7,41303,589.65,8693.1,37807,31.191,351.39,680.61,3495.6,542.14,9.7224,0.0066159
9685.7,42720,606.7,8982.3,39095,31.494,364.55,703.36,3624.6,544.78,9.7238,0.0067188
10008,44182,624.31,9280.8,40424,31.806,378.14,726.85,3757.7,547.53,9.7252,0.0068231
10340,45690,642.49,9588.7,41795,32.13,392.18,751.1,3894.9,550.4,9.7265,0.0069288
10683,47246,661.26,9906.4,43210,32.465,406.67,776.12,4036.3,553.39,9.7277,0.0070361
11036,48852,680.64,10234,44670,32.811,421.65,801.94,4182.2,556.51,9.7289,0.0071448
11401,50508,700.65,10572,46175,33.169,437.11,828.58,4332.7,559.75,9.73,0.0072551
11777,52217,721.31,10921,47729,33.539,453.08,856.07,4487.8,563.13,9.7312,0.0073668
12165,53979,742.64,11281,49331,33.922,469.58,884.44,4647.7,566.65,9.7322,0.0074801
12565,55797,764.65,11651,50984,34.318,486.61,913.7,4812.7,570.3,9.7332,0.0075949
12978,57672,787.38,12034,52689,34.728,504.2,943.88,4982.8,574.11,9.7342,0.0077113
13403,59606,810.85,12428,54448,35.151,522.36,975.01,5158.2,578.06,9.7351,0.0078293
13841,61601,835.07,12834,56262,35.589,541.11,1007.1,5339.1,582.17,9.736,0.0079488
14293,63657,860.08,13253,58132,36.042,560.46,1040.2,5525.6,586.44,9.7369,0.00807
14759,65778,885.88,13685,60060,36.51,580.45,1074.4,5717.9,590.88,9.7377,0.0081927
15239,67965,912.52,14130,62049,36.994,601.08,1109.5,5916.2,595.49,9.7385,0.0083172
15734,70219,940.02,14588,64098,37.494,622.37,1145.8,6120.7,600.27,9.7392,0.0084432
16243,72543,968.39,15060,66212,38.011,644.36,1183.2,6331.5,605.23,9.74,0.0085709
16768,74939,997.67,15546,68390,38.545,667.04,1221.7,6548.8,610.39,9.7406,0.0087004
17309,77408,1027.9,16047,70635,39.098,690.46,1261.5,6772.9,615.73,9.7413,0.0088315
17865,79952,1059.1,16563,72949,39.668,714.62,1302.4,7003.8,621.28,9.7419,0.0089643
18439,82574,1091.3,17094,75333,40.258,739.55,1344.5,7241.9,627.03,9.7425,0.0090988
19029,85276,1124.4,17641,77789,40.868,765.28,1388,7487.3,633,9.7431,0.0092351
19636,88060,1158.7,18204,80319,41.497,791.82,1432.7,7740.2,639.18,9.7436,0.0093731
20262,90927,1194,18783,82926,42.148,819.2,1478.7,8000.9,645.59,9.7441,0.0095129
20905,93880,1230.5,19379,85611,42.821,847.45,1526.2,8269.6,652.23,9.7446,0.0096544
21567,96922,1268.1,19992,88375,43.515,876.59,1575,8546.4,659.11,9.745,0.0097978
22248,1.0005e+05,1306.9,20623,91222,44.233,906.64,1625.2,8831.6,666.24,9.7454,0.0099429
22948,1.0328e+05,1346.9,21271,94153,44.974,937.63,1676.9,9125.4,673.63,9.7458,0.01009
23668,1.066e+05,1388.1,21938,97170,45.739,969.59,1730.2,9428.2,681.28,9.7462,0.010239
24409,1.1001e+05,1430.7,22624,1.0027e+05,46.53,1002.5,1784.9,9740,689.2,9.7465,0.010389
25170,1.1353e+05,1474.5,23329,1.0347e+05,47.347,1036.5,1841.2,10061,697.4,9.7468,0.010542
25952,1.1715e+05,1519.8,24053,1.0676e+05,48.19,1071.5,1899.2,10392,705.89,9.7471,0.010696
26756,1.2087e+05,1566.4,24797,1.1014e+05,49.061,1107.6,1958.7,10733,714.67,9.7474,0.010852
27581,1.247e+05,1614.5,25561,1.1362e+05,49.961,1144.9,2020,11083,723.76,9.7476,0.011011
28429,1.2864e+05,1664,26347,1.1719e+05,50.89,1183.2,2082.9,11444,733.17,9.7478,0.011171
29300,1.3269e+05,1715.1,27153,1.2087e+05,51.848,1222.7,2147.6,11816,742.9,9.748,0.011333
30194,1.3685e+05,1767.7,27980,1.2465e+05,52.838,1263.4,2214.1,12198,752.97,9.7482,0.011496
31112,1.4113e+05,1821.9,28830,1.2854e+05,53.86,1305.4,2282.4,12592,763.38,9.7483,0.011662
32054,1.4553e+05,1877.8,29701,1.3253e+05,54.915,1348.6,2352.5,12997,774.15,9.7484,0.01183
33020,1.5005e+05,1935.4,30595,1.3663e+05,56.004,1393.1,2424.6,13413,785.29,9.7485,0.012
34011,1.5469e+05,1994.7,31512,1.4085e+05,57.128,1438.9,2498.5,13842,796.8,9.7486,0.012171
35027,1.5946e+05,2055.8,32453,1.4517e+05,58.288,1486.1,2574.4,14283,808.7,9.7486,0.012345
36069,1.6435e+05,2118.7,33416,1.4962e+05,59.485,1534.7,2652.3,14736,821,9.7487,0.012521
37137,1.6938e+05,2183.5,34404,1.5418e+05,60.721,1584.7,2732.2,15202,833.71,9.7486,0.012698
38231,1.7454e+05,2250.2,35416,1.5886e+05,61.995,1636.1,2814.2,15681,846.84,9.7486,0.012878
39352,1.7983e+05,2318.9,36453,1.6366e+05,63.311,1689.1,2898.3,16173,860.41,9.7486,0.013059
40499,1.8526e+05,2389.7,37515,1.6858e+05,64.667,1743.6,2984.5,16679,874.43,9.7485,0.013243
41675,1.9083e+05,2462.4,38602,1.7363e+05,66.067,1799.7,3072.9,17198,888.92,9.7484,0.013429
42878,1.9654e+05,2537.4,39714,1.7881e+05,67.511,1857.4,3163.4,17732,903.87,9.7483,0.013616
44109,2.024e+05,2614.4,40852,1.8412e+05,69,1916.7,3256.2,18280,919.32,9.7482,0.013806
45368,2.084e+05,2693.8,42017,1.8956e+05,70.536,1977.7,3351.2,18843,935.27,9.748,0.013998
46656,2.1455e+05,2775.4,43207,1.9513e+05,72.119,2040.4,3448.5,19420,951.74,9.7478,0.014192
47972,2.2085e+05,2859.3,44424,2.0084e+05,73.753,2104.9,3548,20013,968.73,9.7476,0.014387
49318,2.2731e+05,2945.6,45668,2.0668e+05,75.437,2171.2,3650,20621,986.28,9.7474,0.014585
50693,2.3391e+05,3034.4,46939,2.1267e+05,77.173,2239.3,3754.2,21245,1004.4,9.7471,0.014785
52097,2.4067e+05,3125.6,48237,2.1879e+05,78.962,2309.2,3860.9,21885,1023.1,9.7468,0.014987
53532,2.4759e+05,3219.5,49562,2.2505e+05,80.807,2381.1,3970,22541,1042.4,9.7465,0.015191
54996,2.5467e+05,3315.9,50914,2.3145e+05,82.709,2455,4081.5,23214,1062.2,9.7462,0.015398
56490,2.619e+05,3415,52294,2.38e+05,84.668,2530.8,4195.4,23903,1082.8,9.7458,0.015606
58014,2.693e+05,3516.8,53702,2.4469e+05,86.687,2608.6,4311.8,24609,1103.9,9.7455,0.015816
59568,2.7686e+05,3621.4,55137,2.5153e+05,88.768,2688.5,4430.7,25332,1125.8,9.7451,0.016028
61152,2.8458e+05,3728.9,56600,2.5851e+05,90.911,2770.5,4552.1,26073,1148.3,9.7446,0.016243
62767,2.9247e+05,3839.3,58091,2.6564e+05,93.119,2854.7,4676,26831,1171.5,9.7442,0.016459
64412,3.0052e+05,3952.6,59609,2.7291e+05,95.394,2941,4802.5,27607,1195.4,9.7437,0.016678
66087,3.0874e+05,4068.9,61156,2.8034e+05,97.736,3029.6,4931.5,28401,1220,9.7432,0.016898
67793,3.1712e+05,4188.3,62730,2.8791e+05,100.15,3120.4,5063,29212,1245.4,9.7427,0.017121
69529,3.2568e+05,4310.9,64331,2.9563e+05,102.63,3213.5,5197.1,30042,1271.6,9.7421,0.017346
71295,3.3439e+05,4436.7,65961,3.035e+05,105.19,3308.9,5333.8,30891,1298.6,9.7415,0.017573
73091,3.4328e+05,4565.7,67617,3.1152e+05,107.82,3406.7,5473.1,31757,1326.4,9.7409,0.017801
74916,3.5233e+05,4698,69302,3.1969e+05,110.53,3506.9,5614.9,32643,1355,9.7402,0.018032
76772,3.6155e+05,4833.7,71013,3.28e+05,113.32,3609.6,5759.3,33547,1384.5,9.7396,0.018265
78657,3.7093e+05,4972.9,72751,3.3646e+05,116.19,3714.8,5906.3,34470,1414.8,9.7389,0.0185
80572,3.8048e+05,5115.6,74516,3.4507e+05,119.15,3822.4,6055.9,35412,1446.1,9.7381,0.018737
82516,3.902e+05,5261.8,76308,3.5383e+05,122.18,3932.7,6208,36372,1478.3,9.7374,0.018976
84488,4.0008e+05,5411.6,78126,3.6272e+05,125.31,4045.5,6362.7,37352,1511.4,9.7366,0.019217
86490,4.1012e+05,5565.2,79970,3.7177e+05,128.53,4161,6520,38351,1545.5,9.7358,0.01946
88519,4.2032e+05,5722.4,81840,3.8095e+05,131.83,4279.1,6679.9,39368,1580.5,9.7349,0.019705
90577,4.3068e+05,5883.5,83735,3.9027e+05,135.23,4399.9,6842.3,40404,1616.6,9.734,0.019952
92662,4.412e+05,6048.4,85655,3.9974e+05,138.73,4523.4,7007.2,41459,1653.7,9.7331,0.0202
94775,4.5187e+05,6217.3,87600,4.0933e+05,142.32,4649.8,7174.6,42533,1691.9,9.7322,0.020451
96914,4.6269e+05,6390.1,89570,4.1907e+05,146.02,4778.9,7344.6,43626,1731.2,9.7312,0.020704
99081,4.7367e+05,6567,91564,4.2893e+05,149.81,4910.8,7517,44737,1771.6,9.7302,0.020959
1.0127e+05,4.8479e+05,6748,93581,4.3892e+05,153.71,5045.6,7691.9,45866,1813.1,9.7292,0.021215
1.0349e+05,4.9606e+05,6933.1,95621,4.4905e+05,157.72,5183.3,7869.3,47013,1855.8,9.7281,0.021474
1.0573e+05,5.0747e+05,7122.4,97685,4.5929e+05,161.84,5323.9,8049.1,48179,1899.7,9.727,0.021734
1.08e+05,5.1902e+05,7316,99771,4.6965e+05,166.07,5467.4,8231.3,49362,1944.7,9.7258,0.021996
1.1029e+05,5.307e+05,7514,1.0188e+05,4.8014e+05,170.41,5614,8415.9,50563,1991.1,9.7246,0.02226
1.1261e+05,5.4251e+05,7716.3,1.0401e+05,4.9073e+05,174.87,5763.5,8602.9,51781,2038.6,9.7234,0.022526
1.1495e+05,5.5445e+05,7923,1.0616e+05,5.0144e+05,179.45,5916,8792.3,53015,2087.5,9.7221,0.022794
1.1731e+05,5.6652e+05,8134.3,1.0833e+05,5.1225e+05,184.15,6071.7,8984,54267,2137.7,9.7208,0.023063
1.197e+05,5.787e+05,8350.1,1.1052e+05,5.2316e+05,188.98,6230.3,9178,55534,2189.3,9.7195,0.023334
1.2211e+05,5.9099e+05,8570.5,1.1273e+05,5.3418e+05,193.93,6392.1,9374.2,56817,2242.2,9.7181,0.023607
1.2453e+05,6.034e+05,8795.6,1.1496e+05,5.4528e+05,199.01,6557,9572.8,58116,2296.5,9.7167,0.023882
1.2698e+05,6.1591e+05,9025.4,1.1721e+05,5.5648e+05,204.22,6725.1,9773.5,59429,2352.3,9.7153,0.024158
1.2946e+05,6.2852e+05,9259.9,1.1948e+05,5.6776e+05,209.57,6896.4,9976.5,60757,2409.6,9.7138,0.024436
1.3195e+05,6.4123e+05,9499.3,1.2176e+05,5.7913e+05,215.05,7070.8,10182,62099,2468.3,9.7122,0.024716
1.3446e+05,6.5402e+05,9743.5,1.2407e+05,5.9057e+05,220.67,7248.4,10389,63454,2528.5,9.7107,0.024997
1.3699e+05,6.669e+05,9992.7,1.2639e+05,6.0207e+05,226.44,7429.3,10599,64822,2590.3,9.709,0.02528
1.3953e+05,6.7985e+05,10247,1.2872e+05,6.1365e+05,232.35,7613.4,10810,66202,2653.7,9.7074,0.025564
1.421e+05,6.9288e+05,10506,1.3108e+05,6.2529e+05,238.4,7800.8,11024,67594,2718.7,9.7057,0.02585
1.4468e+05,7.0598e+05,10770,1.3344e+05,6.3698e+05,244.61,7991.5,11240,68996,2785.4,9.7039,0.026138
1.4729e+05,7.1913e+05,11040,1.3583e+05,6.4872e+05,250.97,8185.5,11458,70409,2853.7,9.7021,0.026426
1.499e+05,7.3234e+05,11314,1.3823e+05,6.6051e+05,257.49,8382.8,11677,71832,2923.7,9.7003,0.026717
1.5254e+05,7.456e+05,11594,1.4064e+05,6.7234e+05,264.17,8583.4,11899,73263,2995.5,9.6984,0.027009
1.5519e+05,7.589e+05,11879,1.4307e+05,6.842e+05,271,8787.4,12123,74702,3069,9.6964,0.027302
1.5786e+05,7.7224e+05,12169,1.4551e+05,6.9609e+05,278,8994.7,12349,76149,3144.3,9.6945,0.027596
1.6054e+05,7.856e+05,12465,1.4797e+05,7.08e+05,285.17,9205.4,12577,77602,3221.5,9.6924,0.027892
1.6324e+05,7.9899e+05,12766,1.5044e+05,7.1993e+05,292.51,9419.5,12807,79061,3300.5,9.6903,0.028189
1.6596e+05,8.124e+05,13073,1.5292e+05,7.3187e+05,300.02,9637,13039,80525,3381.4,9.6882,0.028487
1.6869e+05,8.2582e+05,13385,1.5541e+05,7.4382e+05,307.71,9857.9,13273,81993,3464.3,9.686,0.028787
1.7143e+05,8.3924e+05,13703,1.5792e+05,7.5577e+05,315.57,10082,13508,83464,3549.1,9.6838,0.029088
1.7419e+05,8.5265e+05,14026,1.6044e+05,7.6772e+05,323.62,10310,13746,84938,3635.9,9.6815,0.029389
1.7696e+05,8.6606e+05,14355,1.6297e+05,7.7965e+05,331.85,10541,13986,86412,3724.7,9.6791,0.029692
1.7975e+05,8.7946e+05,14690,1.6552e+05,7.9157e+05,340.27,10776,14227,87887,3815.6,9.6767,0.029996
1.8254e+05,8.9283e+05,15030,1.6807e+05,8.0347e+05,348.88,11014,14471,89362,3908.7,9.6743,0.030301
1.8536e+05,9.0617e+05,15377,1.7064e+05,8.1533e+05,357.68,11256,14716,90835,4003.8,9.6718,0.030607
1.8819e+05,9.1948e+05,15729,1.7322e+05,8.2717e+05,366.68,11501,14964,92306,4101.1,9.6692,0.030914
1.9103e+05,9.3274e+05,16087,1.7581e+05,8.3897e+05,375.88,11749,15213,93774,4200.6,9.6666,0.031222
1.9388e+05,9.4596e+05,16451,1.7842e+05,8.5073e+05,385.28,12002,15464,95237,4302.3,9.6639,0.031531
1.9675e+05,9.5913e+05,16821,1.8103e+05,8.6243e+05,394.88,12257,15718,96695,4406.4,9.6611,0.03184
1.9963e+05,9.7223e+05,17197,1.8366e+05,8.7409e+05,404.7,12516,15973,98146,4512.7,9.6583,0.032151
2.0252e+05,9.8527e+05,17579,1.8629e+05,8.8568e+05,414.72,12779,16230,99591,4621.4,9.6555,0.032462
2.0543e+05,9.9824e+05,17967,1.8894e+05,8.9721e+05,424.96,13045,16489,1.0103e+05,4732.4,9.6525,0.032774
2.0835e+05,1.0111e+06,18361,1.916e+05,9.0867e+05,435.42,13315,16751,1.0245e+05,4845.9,9.6495,0.033086
2.1129e+05,1.0239e+06,18762,1.9427e+05,9.2006e+05,446.1,13589,17014,1.0387e+05,4961.8,9.6465,0.033399
2.1424e+05,1.0366e+06,19169,1.9696e+05,9.3137e+05,457,13865,17280,1.0527e+05,5080.2,9.6434,0.033713
2.172e+05,1.0493e+06,19582,1.9965e+05,9.426e+05,468.12,14146,17547,1.0667e+05,5201.1,9.6402,0.034027
2.2017e+05,1.0618e+06,20002,2.0236e+05,9.5374e+05,479.48,14430,17817,1.0805e+05,5324.6,9.6369,0.034341
2.2316e+05,1.0742e+06,20428,2.0507e+05,9.6479e+05,491.07,14718,18089,1.0941e+05,5450.6,9.6336,0.034657
2.2617e+05,1.0865e+06,20860,2.078e+05,9.7574e+05,502.9,15009,18363,1.1076e+05,5579.3,9.6302,0.034972
2.2918e+05,1.0987e+06,21299,2.1055e+05,9.8659e+05,514.97,15304,18639,1.121e+05,5710.7,9.6267,0.035288
2.3222e+05,1.1108e+06,21745,2.133e+05,9.9734e+05,527.27,15603,18917,1.1342e+05,5844.8,9.6232,0.035604
2.3526e+05,1.1227e+06,22197,2.1606e+05,1.008e+06,539.83,15905,19198,1.1471e+05,5981.7,9.6196,0.03592
2.3832e+05,1.1345e+06,22656,2.1884e+05,1.0185e+06,552.63,16211,19481,1.16e+05,6121.3,9.6159,0.036237
2.414e+05,1.1462e+06,23122,2.2163e+05,1.0289e+06,565.68,16520,19766,1.1726e+05,6263.8,9.6122,0.036554
2.4449e+05,1.1577e+06,23594,2.2444e+05,1.0392e+06,578.99,16833,20054,1.185e+05,6409.1,9.6084,0.036871
2.4759e+05,1.1691e+06,24074,2.2725e+05,1.0494e+06,592.56,17150,20344,1.1971e+05,6557.3,9.6045,0.037188
2.5072e+05,1.1803e+06,24560,2.3008e+05,1.0594e+06,606.39,17471,20636,1.2091e+05,6708.5,9.6005,0.037505
2.5385e+05,1.1914e+06,25053,2.3292e+05,1.0693e+06,620.49,17795,20931,1.2208e+05,6862.6,9.5964,0.037822
2.57e+05,1.2023e+06,25553,2.3578e+05,1.0791e+06,634.85,18123,21229,1.2323e+05,7019.8,9.5923,0.038139
2.6017e+05,1.2131e+06,26060,2.3864e+05,1.0887e+06,649.48,18455,21529,1.2435e+05,7180,9.588,0.038456
2.6336e+05,1.2237e+06,26575,2.4153e+05,1.0982e+06,664.39,18790,21832,1.2545e+05,7343.3,9.5837,0.038772
2.6656e+05,1.2341e+06,27096,2.4442e+05,1.1076e+06,679.57,19129,22137,1.2652e+05,7509.8,9.5794,0.039089
2.6978e+05,1.2444e+06,27625,2.4733e+05,1.1168e+06,695.04,19472,22445,1.2757e+05,7679.5,9.5749,0.039405
2.7301e+05,1.2545e+06,28161,2.5025e+05,1.1259e+06,710.79,19819,22756,1.2859e+05,7852.4,9.5703,0.039721
2.7626e+05,1.2644e+06,28704,2.5319e+05,1.1348e+06,726.83,20170,23070,1.2957e+05,8028.5,9.5657,0.040037
2.7953e+05,1.2741e+06,29255,2.5614e+05,1.1436e+06,743.16,20524,23386,1.3053e+05,8208,9.5609,0.040352
2.8281e+05,1.2837e+06,29813,2.5911e+05,1.1522e+06,759.78,20882,23705,1.3146e+05,8390.8,9.5561,0.040667
2.8612e+05,1.293e+06,30379,2.6209e+05,1.1607e+06,776.71,21244,24028,1.3236e+05,8576.9,9.5512,0.040981
2.8944e+05,1.3022e+06,30952,2.6508e+05,1.169e+06,793.93,21610,24353,1.3323e+05,8766.6,9.5462,0.041295
2.9278e+05,1.3112e+06,31533,2.6809e+05,1.1771e+06,811.46,21980,24681,1.3407e+05,8959.7,9.5411,0.041609
2.9613e+05,1.32e+06,32122,2.7112e+05,1.1851e+06,829.29,22353,25012,1.3487e+05,9156.3,9.5359,0.041922
2.9951e+05,1.3286e+06,32718,2.7416e+05,1.1929e+06,847.43,22731,25346,1.3565e+05,9356.5,9.5306,0.042234
3.029e+05,1.3369e+06,33322,2.7722e+05,1.2006e+06,865.89,23112,25683,1.3639e+05,9560.2,9.5252,0.042545
3.0631e+05,1.3451e+06,33935,2.8029e+05,1.208e+06,884.67,23497,26024,1.3709e+05,9767.7,9.5197,0.042856
3.0974e+05,1.3531e+06,34555,2.8337e+05,1.2154e+06,903.77,23886,26368,1.3777e+05,9978.8,9.5141,0.043166
3.1319e+05,1.3609e+06,35183,2.8647e+05,1.2225e+06,923.19,24280,26714,1.3841e+05,10194,9.5084,0.043475
3.1666e+05,1.3685e+06,35819,2.8959e+05,1.2295e+06,942.94,24677,27065,1.3901e+05,10412,9.5026,0.043784
3.2014e+05,1.3759e+06,36463,2.9272e+05,1.2363e+06,963.03,25078,27418,1.3958e+05,10635,9.4966,0.044091
3.2365e+05,1.383e+06,37115,2.9587e+05,1.2429e+06,983.44,25483,27775,1.4012e+05,10861,9.4906,0.044398
3.2717e+05,1.39e+06,37776,2.9904e+05,1.2494e+06,1004.2,25892,28135,1.4062e+05,11091,9.4845,0.044703
3.3071e+05,1.3967e+06,38445,3.0221e+05,1.2556e+06,1025.3,26305,28499,1.4108e+05,11326,9.4782,0.045008
3.3428e+05,1.4033e+06,39122,3.0541e+05,1.2618e+06,1046.7,26722,28866,1.4151e+05,11564,9.4719,0.045311
3.3786e+05,1.4096e+06,39808,3.0862e+05,1.2677e+06,1068.5,27143,29237,1.4191e+05,11806,9.4654,0.045614
3.4146e+05,1.4157e+06,40502,3.1185e+05,1.2734e+06,1090.7,27568,29611,1.4227e+05,12052,9.4588,0.045915
3.4508e+05,1.4216e+06,41205,3.1509e+05,1.279e+06,1113.2,27997,29989,1.4259e+05,12303,9.4521,0.046216
3.4871e+05,1.4272e+06,41917,3.1834e+05,1.2844e+06,1136,28431,30371,1.4288e+05,12558,9.4452,0.046515
3.5237e+05,1.4327e+06,42637,3.2161e+05,1.2896e+06,1159.2,28868,30756,1.4313e+05,12817,9.4382,0.046812
3.5605e+05,1.4379e+06,43366,3.249e+05,1.2946e+06,1182.8,29310,31145,1.4334e+05,13080,9.4311,0.047109
3.5974e+05,1.443e+06,44104,3.282e+05,1.2994e+06,1206.8,29756,31537,1.4352e+05,13347,9.4239,0.047404
3.6345e+05,1.4478e+06,44851,3.3152e+05,1.3041e+06,1231.1,30205,31933,1.4367e+05,13619,9.4166,0.047698
3.6719e+05,1.4524e+06,45606,3.3485e+05,1.3086e+06,1255.8,30659,32333,1.4378e+05,13896,9.4091,0.047991
3.7094e+05,1.4567e+06,46371,3.382e+05,1.3129e+06,1280.9,31117,32737,1.4385e+05,14177,9.4015,0.048282
3.7471e+05,1.4609e+06,47145,3.4156e+05,1.317e+06,1306.3,31580,33145,1.4389e+05,14462,9.3937,0.048571
3.785e+05,1.4648e+06,47928,3.4494e+05,1.3209e+06,1332.2,32046,33556,1.4389e+05,14752,9.3858,0.04886
3.823e+05,1.4685e+06,48720,3.4833e+05,1.3247e+06,1358.4,32517,33972,1.4386e+05,15047,9.3778,0.049147
3.8612e+05,1.472e+06,49521,3.5173e+05,1.3282e+06,1385,32992,34391,1.438e+05,15346,9.3696,0.049432
3.8997e+05,1.4753e+06,50332,3.5515e+05,1.3316e+06,1412.1,33471,34814,1.437e+05,15650,9.3612,0.049716
3.9383e+05,1.4783e+06,51152,3.5858e+05,1.3348e+06,1439.5,33955,35242,1.4356e+05,15959,9.3528,0.049998
3.977e+05,1.4812e+06,51982,3.6203e+05,1.3378e+06,1467.3,34442,35673,1.434e+05,16272,9.3441,0.050278
4.016e+05,1.4838e+06,52821,3.6549e+05,1.3406e+06,1495.5,34934,36108,1.4319e+05,16591,9.3354,0.050557
4.0551e+05,1.4862e+06,53670,3.6896e+05,1.3433e+06,1524.2,35430,36547,1.4296e+05,16914,9.3264,0.050835
4.0944e+05,1.4884e+06,54529,3.7245e+05,1.3457e+06,1553.2,35931,36990,1.4269e+05,17243,9.3173,0.05111
4.1338e+05,1.4904e+06,55397,3.7594e+05,1.348e+06,1582.7,36436,37437,1.424e+05,17576,9.3081,0.051384
4.1734e+05,1.4921e+06,56275,3.7945e+05,1.3501e+06,1612.6,36945,37888,1.4207e+05,17914,9.2986,0.051656
4.2132e+05,1.4937e+06,57163,3.8297e+05,1.352e+06,1642.9,37458,38344,1.417e+05,18258,9.289,0.051927
4.2531e+05,1.495e+06,58060,3.8651e+05,1.3537e+06,1673.7,37976,38803,1.4131e+05,18607,9.2793,0.052196
4.2932e+05,1.4962e+06,58968,3.9005e+05,1.3553e+06,1704.8,38497,39267,1.4089e+05,18961,9.2693,0.052463
4.3334e+05,1.4971e+06,59886,3.9361e+05,1.3566e+06,1736.4,39024,39734,1.4044e+05,19320,9.2592,0.052728
4.3738e+05,1.4978e+06,60814,3.9717e+05,1.3578e+06,1768.5,39554,40206,1.3996e+05,19685,9.2489,0.052991
4.4143e+05,1.4983e+06,61751,4.0075e+05,1.3588e+06,1800.9,40089,40681,1.3945e+05,20055,9.2385,0.053252
4.455e+05,1.4986e+06,62700,4.0433e+05,1.3597e+06,1833.9,40628,41161,1.3891e+05,20430,9.2278,0.053512
4.4958e+05,1.4986e+06,63658,4.0793e+05,1.3603e+06,1867.2,41172,41645,1.3834e+05,20811,9.217,0.05377
4.5367e+05,1.4985e+06,64627,4.1154e+05,1.3608e+06,1901,41720,42133,1.3775e+05,21198,9.206,0.054025
4.5778e+05,1.4982e+06,65606,4.1515e+05,1.3611e+06,1935.3,42272,42626,1.3713e+05,21590,9.1947,0.054279
4.6189e+05,1.4977e+06,66596,4.1877e+05,1.3612e+06,1970,42829,43122,1.3648e+05,21988,9.1833,0.054531
4.6603e+05,1.497e+06,67596,4.224e+05,1.3612e+06,2005.2,43389,43623,1.3581e+05,22391,9.1717,0.054781
4.7017e+05,1.496e+06,68606,4.2604e+05,1.3609e+06,2040.8,43955,44127,1.3512e+05,22800,9.1599,0.055029
4.7432e+05,1.4949e+06,69627,4.2969e+05,1.3605e+06,2077,44524,44636,1.344e+05,23215,9.1479,0.055276
4.7849e+05,1.4936e+06,70659,4.3334e+05,1.36e+06,2113.5,45098,45149,1.3366e+05,23636,9.1356,0.05552
4.8267e+05,1.4921e+06,71702,4.37e+05,1.3592e+06,2150.6,45676,45666,1.329e+05,24063,9.1232,0.055762
4.8685e+05,1.4905e+06,72755,4.4067e+05,1.3583e+06,2188.1,46259,46187,1.3211e+05,24496,9.1106,0.056002
4.9105e+05,1.4886e+06,73819,4.4434e+05,1.3573e+06,2226.1,46846,46712,1.313e+05,24934,9.0977,0.05624
4.9526e+05,1.4865e+06,74894,4.4802e+05,1.3561e+06,2264.5,47437,47242,1.3048e+05,25379,9.0846,0.056476
4.9947e+05,1.4843e+06,75980,4.517e+05,1.3547e+06,2303.5,48032,47775,1.2963e+05,25830,9.0713,0.05671
5.037e+05,1.4819e+06,77077,4.5539e+05,1.3531e+06,2342.9,48632,48313,1.2876e+05,26287,9.0578,0.056942
5.0793e+05,1.4793e+06,78185,4.5908e+05,1.3514e+06,2382.9,49236,48854,1.2788e+05,26751,9.044,0.057172
5.1217e+05,1.4765e+06,79304,4.6277e+05,1.3495e+06,2423.3,49844,49400,1.2698e+05,27220,9.03,0.0574
5.1642e+05,1.4736e+06,80434,4.6647e+05,1.3475e+06,2464.2,50457,49950,1.2606e+05,27696,9.0158,0.057626
5.2068e+05,1.4705e+06,81575,4.7017e+05,1.3453e+06,2505.6,51074,50503,1.2512e+05,28179,9.0013,0.05785
5.2494e+05,1.4672e+06,82728,4.7388e+05,1.343e+06,2547.5,51695,51061,1.2417e+05,28668,8.9866,0.058072
5.292e+05,1.4638e+06,83891,4.7758e+05,1.3405e+06,2589.9,52320,51623,1.2321e+05,29163,8.9716,0.058292
5.3348e+05,1.4602e+06,85066,4.8129e+05,1.3379e+06,2632.8,52950,52189,1.2223e+05,29665,8.9564,0.05851
5.3776e+05,1.4564e+06,86252,4.85e+05,1.3352e+06,2676.2,53583,52759,1.2124e+05,30173,8.941,0.058725
5.4204e+05,1.4525e+06,87450,4.8871e+05,1.3323e+06,2720.1,54221,53332,1.2023e+05,30688,8.9253,0.058939
5.4633e+05,1.4484e+06,88659,4.9242e+05,1.3292e+06,2764.5,54864,53910,1.1921e+05,31210,8.9093,0.05915
5.5062e+05,1.4442e+06,89879,4.9613e+05,1.326e+06,2809.4,55510,54492,1.1819e+05,31739,8.8931,0.05936
5.5492e+05,1.4399e+06,91111,4.9984e+05,1.3227e+06,2854.9,56160,55077,1.1715e+05,32274,8.8766,0.059567
5.5921e+05,1.4354e+06,92354,5.0355e+05,1.3193e+06,2900.8,56815,55667,1.161e+05,32816,8.8599,0.059773
5.6351e+05,1.4307e+06,93609,5.0725e+05,1.3157e+06,2947.3,57473,56260,1.1504e+05,33366,8.8429,0.059976
5.6782e+05,1.426e+06,94876,5.1096e+05,1.312e+06,2994.3,58136,56857,1.1398e+05,33922,8.8256,0.060177
5.7212e+05,1.4211e+06,96154,5.1466e+05,1.3081e+06,3041.8,58803,57458,1.129e+05,34485,8.808,0.060376
5.7643e+05,1.416e+06,97443,5.1836e+05,1.3042e+06,3089.9,59474,58063,1.1182e+05,35055,8.7902,0.060573
5.8073e+05,1.4109e+06,98745,5.2206e+05,1.3001e+06,3138.4,60149,58671,1.1074e+05,35632,8.7721,0.060768
5.8504e+05,1.4056e+06,1.0006e+05,5.2576e+05,1.2959e+06,3187.5,60828,59284,1.0965e+05,36217,8.7537,0.060961
5.8935e+05,1.4002e+06,1.0138e+05,5.2945e+05,1.2916e+06,3237.2,61511,59900,1.0855e+05,36809,8.7351,0.061152
5.9365e+05,1.3947e+06,1.0272e+05,5.3313e+05,1.2872e+06,3287.3,62197,60519,1.0745e+05,37408,8.7161,0.061341
5.9796e+05,1.389e+06,1.0407e+05,5.3682e+05,1.2827e+06,3338,62888,61143,1.0634e+05,38014,8.6969,0.061528
6.0226e+05,1.3833e+06,1.0543e+05,5.4049e+05,1.2781e+06,3389.2,63583,61770,1.0523e+05,38628,8.6773,0.061713
6.0657e+05,1.3775e+06,1.068e+05,5.4417e+05,1.2733e+06,3441,64281,62400,1.0412e+05,39249,8.6575,0.061896
6.1087e+05,1.3715e+06,1.0818e+05,5.4783e+05,1.2685e+06,3493.3,64983,63034,1.0301e+05,39877,8.6374,0.062077
6.1516e+05,1.3655e+06,1.0958e+05,5.5149e+05,1.2636e+06,3546.1,65690,63672,1.019e+05,40513,8.617,0.062256
6.1946e+05,1.3594e+06,1.1099e+05,5.5514e+05,1.2586e+06,3599.4,66399,64313,1.0078e+05,41157,8.5963,0.062432
6.2375e+05,1.3531e+06,1.124e+05,5.5879e+05,1.2535e+06,3653.3,67113,64958,99669,41808,8.5753,0.062607
6.2803e+05,1.3468e+06,1.1384e+05,5.6243e+05,1.2483e+06,3707.8,67830,65606,98555,42467,8.554,0.06278
6.3232e+05,1.3404e+06,1.1528e+05,5.6606e+05,1.243e+06,3762.8,68551,66258,97441,43134,8.5324,0.062951
6.3659e+05,1.334e+06,1.1673e+05,5.6968e+05,1.2376e+06,3818.3,69276,66912,96330,43808,8.5105,0.06312
6.4087e+05,1.3274e+06,1.182e+05,5.733e+05,1.2322e+06,3874.3,70004,67571,95220,44490,8.4883,0.063287
6.4513e+05,1.3208e+06,1.1968e+05,5.769e+05,1.2267e+06,3930.9,70736,68232,94113,45180,8.4658,0.063452
6.494e+05,1.3141e+06,1.2117e+05,5.805e+05,1.2211e+06,3988.1,71471,68897,93008,45878,8.443,0.063615
6.5365e+05,1.3074e+06,1.2267e+05,5.8409e+05,1.2155e+06,4045.8,72210,69565,91908,46584,8.4199,0.063777
6.579e+05,1.3005e+06,1.2419e+05,5.8766e+05,1.2097e+06,4104,72952,70236,90811,47297,8.3965,0.063936
6.6214e+05,1.2937e+06,1.2571e+05,5.9123e+05,1.204e+06,4162.8,73698,70911,89718,48019,8.3727,0.064093
6.6637e+05,1.2867e+06,1.2725e+05,5.9479e+05,1.1981e+06,4222.1,74447,71588,88630,48749,8.3487,0.064249
6.706e+05,1.2798e+06,1.288e+05,5.9833e+05,1.1922e+06,4281.9,75199,72268,87548,49487,8.3244,0.064402
6.7482e+05,1.2727e+06,1.3037e+05,6.0187e+05,1.1862e+06,4342.3,75954,72952,86471,50233,8.2997,0.064554
6.7903e+05,1.2656e+06,1.3194e+05,6.0539e+05,1.1802e+06,4403.3,76713,73638,85400,50987,8.2747,0.064704
6.8323e+05,1.2585e+06,1.3353e+05,6.089e+05,1.1742e+06,4464.7,77475,74328,84335,51749,8.2495,0.064852
6.8742e+05,1.2514e+06,1.3513e+05,6.124e+05,1.1681e+06,4526.8,78240,75020,83277,52520,8.2239,0.064999
6.916e+05,1.2442e+06,1.3674e+05,6.1588e+05,1.1619e+06,4589.3,79009,75715,82226,53299,8.198,0.065143
6.9577e+05,1.2369e+06,1.3836e+05,6.1936e+05,1.1558e+06,4652.4,79780,76413,81182,54086,8.1719,0.065286
6.9993e+05,1.2297e+06,1.3999e+05,6.2282e+05,1.1495e+06,4716,80554,77114,80146,54881,8.1454,0.065427
7.0408e+05,1.2224e+06,1.4164e+05,6.2626e+05,1.1433e+06,4780.2,81331,77817,79118,55685,8.1186,0.065566
7.0822e+05,1.2151e+06,1.4329e+05,6.2969e+05,1.137e+06,4844.9,82112,78524,78098,56498,8.0915,0.065703
7.1235e+05,1.2078e+06,1.4496e+05,6.3311e+05,1.1307e+06,4910.2,82895,79232,77086,57318,8.0641,0.065839
7.1646e+05,1.2004e+06,1.4665e+05,6.3652e+05,1.1243e+06,4975.9,83680,79944,76084,58148,8.0365,0.065973
7.2057e+05,1.193e+06,1.4834e+05,6.3991e+05,1.118e+06,5042.2,84469,80657,75090,58986,8.0085,0.066105
7.2466e+05,1.1857e+06,1.5004e+05,6.4328e+05,1.1116e+06,5109.1,85260,81374,74105,59832,7.9802,0.066235
7.2874e+05,1.1783e+06,1.5176e+05,6.4664e+05,1.1052e+06,5176.4,86054,82092,73130,60687,7.9517,0.066364
7.328e+05,1.1709e+06,1.5349e+05,6.4999e+05,1.0987e+06,5244.3,86850,82813,72164,61551,7.9228,0.066491
7.3686e+05,1.1635e+06,1.5523e+05,6.5332e+05,1.0923e+06,5312.7,87649,83537,71208,62423,7.8937,0.066617
7.409e+05,1.1561e+06,1.5698e+05,6.5663e+05,1.0858e+06,5381.7,88451,84263,70262,63304,7.8643,0.066741
7.4492e+05,1.1487e+06,1.5874e+05,6.5993e+05,1.0794e+06,5451.1,89254,84991,69326,64193,7.8346,0.066863
7.4893e+05,1.1413e+06,1.6052e+05,6.6321e+05,1.0729e+06,5521.1,90061,85721,68400,65092,7.8046,0.066983
7.5293e+05,1.1339e+06,1.6231e+05,6.6648e+05,1.0664e+06,5591.5,90869,86453,67484,65999,7.7744,0.067102
7.5691e+05,1.1266e+06,1.641e+05,6.6973e+05,1.06e+06,5662.5,91680,87187,66579,66914,7.7439,0.06722
7.6088e+05,1.1192e+06,1.6591e+05,6.7296e+05,1.0535e+06,5734,92493,87923,65684,67839,7.7131,0.067336
7.6483e+05,1.1118e+06,1.6773e+05,6.7617e+05,1.047e+06,5806,93308,88662,64800,68772,7.6821,0.06745
7.6877e+05,1.1045e+06,1.6957e+05,6.7937e+05,1.0406e+06,5878.5,94125,89402,63927,69714,7.6508,0.067563
7.7269e+05,1.0972e+06,1.7141e+05,6.8255e+05,1.0341e+06,5951.5,94944,90144,63064,70666,7.6193,0.067674
7.766e+05,1.0899e+06,1.7326e+05,6.8571e+05,1.0276e+06,6025,95765,90888,62212,71625,7.5875,0.067783
7.8049e+05,1.0826e+06,1.7513e+05,6.8886e+05,1.0212e+06,6099,96588,91633,61371,72594,7.5554,0.067892
7.8436e+05,1.0753e+06,1.7701e+05,6.9198e+05,1.0148e+06,6173.5,97412,92380,60541,73572,7.5232,0.067998
7.8822e+05,1.0681e+06,1.789e+05,6.9509e+05,1.0083e+06,6248.4,98239,93129,59722,74558,7.4907,0.068104
7.9206e+05,1.0608e+06,1.808e+05,6.9818e+05,1.0019e+06,6323.9,99067,93880,58914,75554,7.4579,0.068207
7.9589e+05,1.0537e+06,1.8271e+05,7.0125e+05,9.9555e+05,6399.8,99896,94632,58117,76558,7.425,0.06831
7.9969e+05,1.0465e+06,1.8463e+05,7.0431e+05,9.8917e+05,6476.1,1.0073e+05,95385,57331,77571,7.3918,0.068411
8.0348e+05,1.0394e+06,1.8656e+05,7.0734e+05,9.8282e+05,6553,1.0156e+05,96140,56555,78594,7.3584,0.06851
8.0725e+05,1.0323e+06,1.885e+05,7.1036e+05,9.7649e+05,6630.3,1.0239e+05,96896,55791,79625,7.3249,0.068609
8.1101e+05,1.0252e+06,1.9046e+05,7.1335e+05,9.7019e+05,6708.1,1.0323e+05,97654,55038,80665,7.2911,0.068705
8.1474e+05,1.0182e+06,1.9242e+05,7.1633e+05,9.6391e+05,6786.3,1.0407e+05,98413,54295,81714,7.2571,0.068801
8.1846e+05,1.0112e+06,1.944e+05,7.1929e+05,9.5765e+05,6864.9,1.049e+05,99173,53564,82772,7.2229,0.068895
8.2216e+05,1.0043e+06,1.9638e+05,7.2223e+05,9.5142e+05,6944,1.0574e+05,99934,52843,83839,7.1886,0.068988
8.2584e+05,9.9735e+05,1.9838e+05,7.2515e+05,9.4522e+05,7023.6,1.0658e+05,1.007e+05,52133,84915,7.1541,0.069079
8.295e+05,9.9048e+05,2.0038e+05,7.2805e+05,9.3905e+05,7103.5,1.0742e+05,1.0146e+05,51434,86000,7.1194,0.069169
8.3315e+05,9.8365e+05,2.024e+05,7.3093e+05,9.3291e+05,7183.9,1.0827e+05,1.0222e+05,50745,87094,7.0845,0.069258
8.3677e+05,9.7686e+05,2.0443e+05,7.3379e+05,9.268e+05,7264.7,1.0911e+05,1.0299e+05,50067,88197,7.0495,0.069346
8.4038e+05,9.7012e+05,2.0646e+05,7.3663e+05,9.2072e+05,7345.9,1.0995e+05,1.0375e+05,49399,89308,7.0144,0.069432
8.4397e+05,9.6342e+05,2.0851e+05,7.3945e+05,9.1468e+05,7427.6,1.108e+05,1.0452e+05,48742,90429,6.9791,0.069517
8.4753e+05,9.5677e+05,2.1057e+05,7.4225e+05,9.0867e+05,7509.6,1.1164e+05,1.0529e+05,48096,91558,6.9436,0.069601
8.5108e+05,9.5016e+05,2.1264e+05,7.4503e+05,9.027e+05,7592,1.1249e+05,1.0606e+05,47459,92697,6.9081,0.069684
8.5461e+05,9.436e+05,2.1471e+05,7.4779e+05,8.9676e+05,7674.8,1.1333e+05,1.0682e+05,46833,93844,6.8724,0.069765
8.5812e+05,9.3708e+05,2.168e+05,7.5053e+05,8.9087e+05,7758,1.1418e+05,1.0759e+05,46217,95001,6.8366,0.069846
8.6161e+05,9.3062e+05,2.1889e+05,7.5325e+05,8.8501e+05,7841.5,1.1503e+05,1.0836e+05,45611,96166,6.8007,0.069925
8.6508e+05,9.242e+05,2.21e+05,7.5595e+05,8.7919e+05,7925.5,1.1587e+05,1.0913e+05,45015,97340,6.7648,0.070003
8.6853e+05,9.1783e+05,2.2311e+05,7.5862e+05,8.7341e+05,8009.7,1.1672e+05,1.099e+05,44428,98523,6.7287,0.07008
8.7196e+05,9.1152e+05,2.2524e+05,7.6128e+05,8.6767e+05,8094.4,1.1757e+05,1.1067e+05,43851,99714,6.6925,0.070155
8.7537e+05,9.0525e+05,2.2737e+05,7.6392e+05,8.6197e+05,8179.4,1.1841e+05,1.1144e+05,43284,1.0091e+05,6.6563,0.07023
8.7876e+05,8.9904e+05,2.2951e+05,7.6654e+05,8.5631e+05,8264.7,1.1926e+05,1.1222e+05,42727,1.0212e+05,6.62,0.070303
8.8212e+05,8.9287e+05,2.3166e+05,7.6914e+05,8.507e+05,8350.3,1.2011e+05,1.1299e+05,42179,1.0334e+05,6.5836,0.070376
8.8547e+05,8.8676e+05,2.3382e+05,7.7171e+05,8.4512e+05,8436.3,1.2095e+05,1.1376e+05,41640,1.0457e+05,6.5472,0.070447
8.888e+05,8.807e+05,2.3599e+05,7.7427e+05,8.3959e+05,8522.6,1.218e+05,1.1453e+05,41110,1.058e+05,6.5108,0.070517
8.9211e+05,8.747e+05,2.3817e+05,7.7681e+05,8.3411e+05,8609.2,1.2265e+05,1.153e+05,40589,1.0705e+05,6.4743,0.070587
8.9539e+05,8.6875e+05,2.4036e+05,7.7932e+05,8.2867e+05,8696,1.2349e+05,1.1607e+05,40077,1.083e+05,6.4377,0.070655
8.9866e+05,8.6285e+05,2.4255e+05,7.8182e+05,8.2327e+05,8783.2,1.2434e+05,1.1684e+05,39574,1.0956e+05,6.4012,0.070722
9.019e+05,8.57e+05,2.4475e+05,7.8429e+05,8.1792e+05,8870.7,1.2518e+05,1.1761e+05,39080,1.1083e+05,6.3646,0.070788
9.0513e+05,8.5121e+05,2.4696e+05,7.8674e+05,8.1261e+05,8958.4,1.2603e+05,1.1839e+05,38595,1.1211e+05,6.328,0.070854
9.0833e+05,8.4547e+05,2.4918e+05,7.8918e+05,8.0735e+05,9046.4,1.2687e+05,1.1916e+05,38117,1.134e+05,6.2915,0.070918
9.1151e+05,8.3979e+05,2.5141e+05,7.9159e+05,8.0214e+05,9134.6,1.2771e+05,1.1993e+05,37648,1.1469e+05,6.2549,0.070981
9.1468e+05,8.3416e+05,2.5364e+05,7.9398e+05,7.9697e+05,9223.1,1.2856e+05,1.2069e+05,37188,1.16e+05,6.2183,0.071043
9.1782e+05,8.2858e+05,2.5589e+05,7.9635e+05,7.9185e+05,9311.9,1.294e+05,1.2146e+05,36735,1.1731e+05,6.1818,0.071105
9.2094e+05,8.2306e+05,2.5814e+05,7.987e+05,7.8677e+05,9400.8,1.3024e+05,1.2223e+05,36291,1.1863e+05,6.1453,0.071165
9.2404e+05,8.1759e+05,2.6039e+05,8.0104e+05,7.8174e+05,9490,1.3107e+05,1.23e+05,35854,1.1996e+05,6.1088,0.071225
9.2711e+05,8.1218e+05,2.6266e+05,8.0335e+05,7.7675e+05,9579.4,1.3191e+05,1.2377e+05,35425,1.2129e+05,6.0724,0.071283
9.3017e+05,8.0682e+05,2.6493e+05,8.0564e+05,7.7182e+05,9669,1.3275e+05,1.2453e+05,35004,1.2264e+05,6.036,0.071341
9.3321e+05,8.0152e+05,2.6721e+05,8.0791e+05,7.6693e+05,9758.8,1.3358e+05,1.253e+05,34590,1.2399e+05,5.9997,0.071398
9.3622e+05,7.9626e+05,2.6949e+05,8.1016e+05,7.6208e+05,9848.7,1.3442e+05,1.2606e+05,34183,1.2535e+05,5.9634,0.071454
9.3921e+05,7.9107e+05,2.7179e+05,8.1239e+05,7.5728e+05,9938.9,1.3525e+05,1.2683e+05,33784,1.2672e+05,5.9272,0.071509
9.4219e+05,7.8593e+05,2.7409e+05,8.146e+05,7.5253e+05,10029,1.3608e+05,1.2759e+05,33392,1.281e+05,5.8911,0.071563
9.4514e+05,7.8084e+05,2.7639e+05,8.1679e+05,7.4783e+05,10120,1.3691e+05,1.2835e+05,33007,1.2949e+05,5.855,0.071617
9.4807e+05,7.758e+05,2.787e+05,8.1896e+05,7.4317e+05,10210,1.3774e+05,1.2911e+05,32629,1.3088e+05,5.8191,0.07167
9.5098e+05,7.7082e+05,2.8102e+05,8.211e+05,7.3856e+05,10301,1.3856e+05,1.2987e+05,32258,1.3228e+05,5.7832,0.071721
9.5387e+05,7.6589e+05,2.8335e+05,8.2323e+05,7.34e+05,10392,1.3939e+05,1.3063e+05,31893,1.3369e+05,5.7474,0.071773
9.5674e+05,7.6102e+05,2.8568e+05,8.2534e+05,7.2948e+05,10483,1.4021e+05,1.3139e+05,31535,1.3511e+05,5.7118,0.071823
9.5958e+05,7.5619e+05,2.8801e+05,8.2744e+05,7.2501e+05,10574,1.4103e+05,1.3215e+05,31184,1.3653e+05,5.6762,0.071872
9.6241e+05,7.5142e+05,2.9035e+05,8.2951e+05,7.2058e+05,10665,1.4185e+05,1.329e+05,30839,1.3796e+05,5.6408,0.071921
9.6521e+05,7.467e+05,2.927e+05,8.3156e+05,7.162e+05,10756,1.4266e+05,1.3366e+05,30500,1.394e+05,5.6054,0.071969
9.68e+05,7.4204e+05,2.9505e+05,8.3359e+05,7.1187e+05,10847,1.4348e+05,1.3441e+05,30167,1.4085e+05,5.5703,0.072016
9.7076e+05,7.3742e+05,2.9741e+05,8.356e+05,7.0758e+05,10939,1.4429e+05,1.3516e+05,29840,1.4231e+05,5.5352,0.072063
9.735e+05,7.3286e+05,2.9977e+05,8.3759e+05,7.0334e+05,11030,1.451e+05,1.3591e+05,29519,1.4377e+05,5.5003,0.072108
9.7623e+05,7.2835e+05,3.0214e+05,8.3957e+05,6.9914e+05,11122,1.459e+05,1.3666e+05,29204,1.4524e+05,5.4655,0.072154
9.7893e+05,7.2389e+05,3.0451e+05,8.4152e+05,6.9499e+05,11213,1.4671e+05,1.374e+05,28895,1.4671e+05,5.4308,0.072198
9.8161e+05,7.1948e+05,3.0689e+05,8.4346e+05,6.9088e+05,11305,1.4751e+05,1.3815e+05,28591,1.482e+05,5.3964,0.072242
9.8427e+05,7.1511e+05,3.0927e+05,8.4538e+05,6.8682e+05,11396,1.4831e+05,1.3889e+05,28293,1.4969e+05,5.362,0.072285
9.8691e+05,7.108e+05,3.1166e+05,8.4727e+05,6.828e+05,11488,1.4911e+05,1.3963e+05,28000,1.5118e+05,5.3279,0.072327
9.8953e+05,7.0654e+05,3.1405e+05,8.4915e+05,6.7883e+05,11579,1.499e+05,1.4037e+05,27712,1.5269e+05,5.2939,0.072369
9.9212e+05,7.0233e+05,3.1644e+05,8.5101e+05,6.749e+05,11671,1.5069e+05,1.4111e+05,27430,1.542e+05,5.26,0.07241
9.947e+05,6.9816e+05,3.1884e+05,8.5286e+05,6.7101e+05,11762,1.5148e+05,1.4185e+05,27153,1.5572e+05,5.2264,0.07245
9.9726e+05,6.9405e+05,3.2125e+05,8.5468e+05,6.6717e+05,11854,1.5227e+05,1.4258e+05,26881,1.5724e+05,5.1929,0.07249
9.998e+05,6.8998e+05,3.2365e+05,8.5648e+05,6.6336e+05,11945,1.5305e+05,1.4331e+05,26613,1.5877e+05,5.1596,0.072529
1.0023e+06,6.8596e+05,3.2606e+05,8.5827e+05,6.596e+05,12036,1.5383e+05,1.4404e+05,26351,1.6031e+05,5.1264,0.072567
1.0048e+06,6.8198e+05,3.2847e+05,8.6004e+05,6.5589e+05,12127,1.546e+05,1.4477e+05,26093,1.6185e+05,5.0935,0.072605
1.0073e+06,6.7805e+05,3.3089e+05,8.6179e+05,6.5221e+05,12219,1.5538e+05,1.455e+05,25840,1.634e+05,5.0607,0.072642
1.0097e+06,6.7417e+05,3.3331e+05,8.6353e+05,6.4858e+05,12310,1.5615e+05,1.4622e+05,25592,1.6496e+05,5.0282,0.072679
1.0122e+06,6.7034e+05,3.3573e+05,8.6524e+05,6.4499e+05,12400,1.5692e+05,1.4694e+05,25348,1.6652e+05,4.9958,0.072715
1.0146e+06,6.6654e+05,3.3815e+05,8.6694e+05,6.4144e+05,12491,1.5768e+05,1.4766e+05,25108,1.6809e+05,4.9637,0.072751
1.017e+06,6.628e+05,3.4058e+05,8.6862e+05,6.3793e+05,12582,1.5844e+05,1.4838e+05,24873,1.6967e+05,4.9317,0.072786
1.0194e+06,6.591e+05,3.4301e+05,8.7028e+05,6.3446e+05,12672,1.592e+05,1.491e+05,24642,1.7125e+05,4.8999,0.07282
1.0217e+06,6.5544e+05,3.4544e+05,8.7193e+05,6.3103e+05,12763,1.5995e+05,1.4981e+05,24415,1.7284e+05,4.8684,0.072854
1.0241e+06,6.5183e+05,3.4787e+05,8.7356e+05,6.2763e+05,12853,1.607e+05,1.5052e+05,24192,1.7443e+05,4.837,0.072887
1.0264e+06,6.4826e+05,3.5031e+05,8.7517e+05,6.2428e+05,12943,1.6145e+05,1.5123e+05,23973,1.7603e+05,4.8059,0.07292
1.0287e+06,6.4473e+05,3.5275e+05,8.7676e+05,6.2097e+05,13033,1.6219e+05,1.5194e+05,23758,1.7763e+05,4.775,0.072953
1.031e+06,6.4124e+05,3.5519e+05,8.7834e+05,6.1769e+05,13123,1.6293e+05,1.5264e+05,23547,1.7924e+05,4.7443,0.072984
1.0332e+06,6.378e+05,3.5763e+05,8.799e+05,6.1446e+05,13212,1.6367e+05,1.5334e+05,23340,1.8086e+05,4.7138,0.073016
1.0355e+06,6.3439e+05,3.6007e+05,8.8145e+05,6.1126e+05,13301,1.644e+05,1.5404e+05,23136,1.8248e+05,4.6835,0.073046
1.0377e+06,6.3103e+05,3.6251e+05,8.8298e+05,6.081e+05,13390,1.6513e+05,1.5474e+05,22936,1.841e+05,4.6534,0.073077
1.0399e+06,6.2771e+05,3.6496e+05,8.8449e+05,6.0497e+05,13479,1.6585e+05,1.5543e+05,22739,1.8573e+05,4.6236,0.073106
1.0421e+06,6.2443e+05,3.674e+05,8.8598e+05,6.0188e+05,13568,1.6657e+05,1.5612e+05,22546,1.8737e+05,4.594,0.073136
1.0443e+06,6.2119e+05,3.6985e+05,8.8746e+05,5.9883e+05,13656,1.6729e+05,1.5681e+05,22357,1.8901e+05,4.5646,0.073165
1.0464e+06,6.1799e+05,3.723e+05,8.8893e+05,5.9582e+05,13744,1.68e+05,1.575e+05,22170,1.9065e+05,4.5354,0.073193
1.0486e+06,6.1482e+05,3.7474e+05,8.9038e+05,5.9284e+05,13832,1.6871e+05,1.5818e+05,21987,1.923e+05,4.5065,0.073221
1.0507e+06,6.117e+05,3.7719e+05,8.9181e+05,5.8989e+05,13919,1.6942e+05,1.5887e+05,21807,1.9396e+05,4.4778,0.073248
1.0528e+06,6.0861e+05,3.7964e+05,8.9323e+05,5.8698e+05,14006,1.7012e+05,1.5954e+05,21631,1.9562e+05,4.4493,0.073276
1.0548e+06,6.0556e+05,3.8209e+05,8.9463e+05,5.841e+05,14093,1.7081e+05,1.6022e+05,21457,1.9728e+05,4.421,0.073302
1.0569e+06,6.0255e+05,3.8453e+05,8.9601e+05,5.8126e+05,14180,1.7151e+05,1.6089e+05,21287,1.9895e+05,4.393,0.073328
1.0589e+06,5.9957e+05,3.8698e+05,8.9739e+05,5.7845e+05,14266,1.7219e+05,1.6156e+05,21119,2.0062e+05,4.3652,0.073354
